{"valueType":"nodes","values":[{"name":"Naturwissenschaftlicher Bereich","updatedAt":"2018-09-10T11:25:20.000Z","_typeName":"Area","slug":"naturwissenschaft","id":"cjlw7aoy7090j01843qvtgjwv","createdAt":"2018-09-10T11:25:20.000Z"},{"name":"Welterkundung","updatedAt":"2018-09-10T11:25:33.000Z","_typeName":"Area","slug":"welterkundung","id":"cjlw7aysa08mb0122ck6tlnh4","createdAt":"2018-09-10T11:25:33.000Z"},{"name":"Sprachlicher Bereich","updatedAt":"2018-09-10T11:26:17.000Z","_typeName":"Area","slug":"sprache","id":"cjlw7bwin08wx015857ult9ih","createdAt":"2018-09-10T11:26:17.000Z"},{"name":"Sportlicher + Künstlerischer Bereich","updatedAt":"2018-09-10T11:26:31.000Z","_typeName":"Area","slug":"sport-kunst","id":"cjlw7c79m09fu01557fzf16m4","createdAt":"2018-09-10T11:26:31.000Z"},{"name":"Space Station","updatedAt":"2018-09-10T11:51:59.000Z","_typeName":"Area","slug":"space-station","id":"cjlw88xwq0ihy01986jjplx1o","createdAt":"2018-09-10T11:51:59.000Z"},{"name":"Erkenntnisgewinnung","updatedAt":"2018-09-11T14:31:49.000Z","_typeName":"Competence","slug":"bio-1","id":"cjlxoo8we0npe0158m5d90i3o","createdAt":"2018-09-11T12:19:32.000Z"},{"name":"Kommunikation","updatedAt":"2018-09-11T12:19:51.000Z","_typeName":"Competence","slug":"bio-2","id":"cjlxoonj20nsd0158dpllzq44","createdAt":"2018-09-11T12:19:51.000Z"},{"name":"Themen","updatedAt":"2018-09-11T12:20:02.000Z","_typeName":"Competence","slug":"bio-3","id":"cjlxoovnu0p8p0114txvrcy7j","createdAt":"2018-09-11T12:20:02.000Z"},{"name":"Inhalte und Fachbegriffe","updatedAt":"2018-09-11T12:20:12.000Z","_typeName":"Competence","slug":"bio-4","id":"cjlxop3ef0ns101877wgyyaqu","createdAt":"2018-09-11T12:20:12.000Z"},{"name":"Erkenntnisgewinnung","updatedAt":"2018-09-11T12:20:37.000Z","_typeName":"Competence","slug":"chemie-1","id":"cjlxopmja0ov90102522cx1if","createdAt":"2018-09-11T12:20:37.000Z"},{"name":"Kommunikation","updatedAt":"2018-09-11T12:20:46.000Z","_typeName":"Competence","slug":"chemie-2","id":"cjlxoptla0o6t0136fd09z2xi","createdAt":"2018-09-11T12:20:46.000Z"},{"name":"Themen","updatedAt":"2018-09-11T12:20:51.000Z","_typeName":"Competence","slug":"chemie-3","id":"cjlxopxr40oe30140ycchrc4o","createdAt":"2018-09-11T12:20:51.000Z"},{"name":"Inhalte und Fachbegriffe","updatedAt":"2018-09-11T12:22:12.000Z","_typeName":"Competence","slug":"chemie-4","id":"cjlxoro1r0oj70187lkaxg2qu","createdAt":"2018-09-11T12:22:12.000Z"},{"name":"Erkenntnisgewinnung","updatedAt":"2018-09-11T12:23:34.000Z","_typeName":"Competence","slug":"physik-1","id":"cjlxotf5k0ps30159vftbohl1","createdAt":"2018-09-11T12:23:34.000Z"},{"name":"Kommunikation","updatedAt":"2018-09-11T12:23:39.000Z","_typeName":"Competence","slug":"physik-2","id":"cjlxotjcd0pj50136nrslz8bh","createdAt":"2018-09-11T12:23:39.000Z"},{"name":"Themen","updatedAt":"2018-09-11T12:23:48.000Z","_typeName":"Competence","slug":"physik-3","id":"cjlxotqbx0p7q0190t1qf3n4g","createdAt":"2018-09-11T12:23:48.000Z"},{"name":"Inhalte und Fachbegriffe","updatedAt":"2018-09-11T12:23:56.000Z","_typeName":"Competence","slug":"physik-4","id":"cjlxotwgt0pfo0192h8xbfz89","createdAt":"2018-09-11T12:23:56.000Z"},{"name":"Ich Rechne","updatedAt":"2018-09-11T12:29:26.000Z","_typeName":"Competence","slug":"mathe-1","id":"cjlxp0z3q0reb013624ibviwy","createdAt":"2018-09-11T12:29:26.000Z"},{"name":"Ich Vergleiche","updatedAt":"2018-09-11T12:29:36.000Z","_typeName":"Competence","slug":"mathe-2","id":"cjlxp16t80rb50140dfw6xmo8","createdAt":"2018-09-11T12:29:36.000Z"},{"name":"Ich Messe","updatedAt":"2018-09-11T12:29:53.000Z","_typeName":"Competence","slug":"mathe-3","id":"cjlxp1jx20r0d0136hzrpgss1","createdAt":"2018-09-11T12:29:53.000Z"},{"name":"Ich Zähle","updatedAt":"2018-09-11T12:30:00.000Z","_typeName":"Competence","slug":"mathe-4","id":"cjlxp1p000rlh0136bukgvstr","createdAt":"2018-09-11T12:30:00.000Z"},{"name":"Mit Informationen umgehen","updatedAt":"2018-09-11T12:32:47.000Z","_typeName":"Competence","slug":"informatik-1","id":"cjlxp59r00tib0195csmy4tei","createdAt":"2018-09-11T12:32:47.000Z"},{"name":"Informatiksysteme verstehen — Wirkungen erkennen","updatedAt":"2018-09-11T12:32:59.000Z","_typeName":"Competence","slug":"informatik-2","id":"cjlxp5job0svq0158hdge7vba","createdAt":"2018-09-11T12:32:59.000Z"},{"name":"Modelle erstellen und bewerten","updatedAt":"2018-09-11T12:33:09.000Z","_typeName":"Competence","slug":"informatik-3","id":"cjlxp5ra20u2d0114pbohc61m","createdAt":"2018-09-11T12:33:09.000Z"},{"name":"Probleme erfassen und mit Informatiksystemen lösen","updatedAt":"2018-09-11T12:33:16.000Z","_typeName":"Competence","slug":"informatik-4","id":"cjlxp5wev0tfw0159ty8rami9","createdAt":"2018-09-11T12:33:16.000Z"},{"name":"Kommunizieren und Kooperieren","updatedAt":"2018-09-11T12:33:24.000Z","_typeName":"Competence","slug":"informatik-5","id":"cjlxp62uy0ta10163oyyl5l9l","createdAt":"2018-09-11T12:33:24.000Z"},{"name":"Deuten","updatedAt":"2018-09-11T12:35:38.000Z","_typeName":"Competence","slug":"politik-1","id":"cjlxp8y700tqy0166ok8nytzu","createdAt":"2018-09-11T12:35:38.000Z"},{"name":"Analysieren","updatedAt":"2018-09-11T12:35:44.000Z","_typeName":"Competence","slug":"politik-2","id":"cjlxp92qt0u2v01992upydj8w","createdAt":"2018-09-11T12:35:44.000Z"},{"name":"Methoden anwenden","updatedAt":"2018-09-11T12:35:50.000Z","_typeName":"Competence","slug":"politik-3","id":"cjlxp97230taq0136w24cg39k","createdAt":"2018-09-11T12:35:50.000Z"},{"name":"Urteilen","updatedAt":"2018-09-11T12:35:55.000Z","_typeName":"Competence","slug":"politik-4","id":"cjlxp9b1o0ukc0195v09vyg0r","createdAt":"2018-09-11T12:35:55.000Z"},{"name":"Darstellen","updatedAt":"2018-09-11T12:35:59.000Z","_typeName":"Competence","slug":"politik-5","id":"cjlxp9eh30tyt0140xmju8lbc","createdAt":"2018-09-11T12:35:59.000Z"},{"name":"Selbstkenntnis","updatedAt":"2018-09-11T12:36:29.000Z","_typeName":"Competence","slug":"ethik-1","id":"cjlxpa1j70u250166i5rlyq47","createdAt":"2018-09-11T12:36:29.000Z"},{"name":"Dialogbereitschaft","updatedAt":"2018-09-11T12:36:34.000Z","_typeName":"Competence","slug":"ethik-2","id":"cjlxpa5ha0va3011473lx9vje","createdAt":"2018-09-11T12:36:34.000Z"},{"name":"Bezogenheit","updatedAt":"2018-09-11T12:36:40.000Z","_typeName":"Competence","slug":"ethik-3","id":"cjlxpaa8k0ujv0102im3gunux","createdAt":"2018-09-11T12:36:40.000Z"},{"name":"Sich orientieren","updatedAt":"2018-09-11T12:37:24.000Z","_typeName":"Competence","slug":"geografie-1","id":"cjlxpb7ni0ud50127m3qo0y9c","createdAt":"2018-09-11T12:37:24.000Z"},{"name":"Systeme erschließen","updatedAt":"2018-09-11T12:37:46.000Z","_typeName":"Competence","slug":"geografie-2","id":"cjlxpbe5q0unk0163f5061aq9","createdAt":"2018-09-11T12:37:32.000Z"},{"name":"Methoden anwenden","updatedAt":"2018-09-11T12:38:13.000Z","_typeName":"Competence","slug":"geografie-3","id":"cjlxpc9sm0v9d0195gyqkmdke","createdAt":"2018-09-11T12:38:13.000Z"},{"name":"Kommunizieren","updatedAt":"2018-09-11T12:39:18.000Z","_typeName":"Competence","slug":"geografie-4","id":"cjlxpdo2v0veo0159fjne77sx","createdAt":"2018-09-11T12:39:18.000Z"},{"name":"Urteilen","updatedAt":"2018-09-11T12:39:24.000Z","_typeName":"Competence","slug":"geografie-5","id":"cjlxpdsbv0up00190761rnfwc","createdAt":"2018-09-11T12:39:24.000Z"},{"name":"Sachkompetenz","updatedAt":"2018-09-11T12:40:15.000Z","_typeName":"Competence","slug":"wat-1","id":"cjlxpevw90veb0140x0x9t7d0","createdAt":"2018-09-11T12:40:15.000Z"},{"name":"Methodenkompetenz","updatedAt":"2018-09-11T12:40:25.000Z","_typeName":"Competence","slug":"wat-2","id":"cjlxpf35r0vf40158fg264h7h","createdAt":"2018-09-11T12:40:25.000Z"},{"name":"Personale und soziale Kompetenz","updatedAt":"2018-09-11T12:40:28.000Z","_typeName":"Competence","slug":"wat-3","id":"cjlxpf5io0vt40159fpopvw2f","createdAt":"2018-09-11T12:40:28.000Z"},{"name":"Richtig schreiben","updatedAt":"2018-09-11T12:41:13.000Z","_typeName":"Competence","slug":"deutsch-1","id":"cjlxpg4dy0wh80195okdljaeu","createdAt":"2018-09-11T12:41:13.000Z"},{"name":"Worte","updatedAt":"2018-09-11T12:41:19.000Z","_typeName":"Competence","slug":"deutsch-2","id":"cjlxpg9eb0vbv0136ouo9jpji","createdAt":"2018-09-11T12:41:19.000Z"},{"name":"Sätze","updatedAt":"2018-09-11T12:41:24.000Z","_typeName":"Competence","slug":"deutsch-3","id":"cjlxpgd260x090114fqx1x0wr","createdAt":"2018-09-11T12:41:24.000Z"},{"name":"Texte","updatedAt":"2018-09-11T12:41:29.000Z","_typeName":"Competence","slug":"deutsch-4","id":"cjlxpgh2q0w4n0156w2pbxbt2","createdAt":"2018-09-11T12:41:29.000Z"},{"name":"Hören und Sehen","updatedAt":"2018-09-11T12:42:26.000Z","_typeName":"Competence","slug":"englisch-1","id":"cjlxphp250wh30163ukkfauvi","createdAt":"2018-09-11T12:42:26.000Z"},{"name":"Lesen","updatedAt":"2018-09-11T12:42:33.000Z","_typeName":"Competence","slug":"englisch-2","id":"cjlxphtyk0wp30199u23uf5gl","createdAt":"2018-09-11T12:42:33.000Z"},{"name":"Schreiben","updatedAt":"2018-09-11T12:42:37.000Z","_typeName":"Competence","slug":"englisch-3","id":"cjlxphxnb0we30166pizvi02b","createdAt":"2018-09-11T12:42:37.000Z"},{"name":"Sprechen","updatedAt":"2018-09-11T12:42:42.000Z","_typeName":"Competence","slug":"englisch-4","id":"cjlxpi1cs0wsc0102vo18udn3","createdAt":"2018-09-11T12:42:42.000Z"},{"name":"Sprachmittlung/Mediation","updatedAt":"2018-09-11T12:42:48.000Z","_typeName":"Competence","slug":"englisch-5","id":"cjlxpi5wk0vr10187klnqih1l","createdAt":"2018-09-11T12:42:48.000Z"},{"name":"Hören, Verstehen","updatedAt":"2018-09-11T12:45:04.000Z","_typeName":"Competence","slug":"franzoesisch-1","id":"cjlxpl2hp0ym401149dnq6v06","createdAt":"2018-09-11T12:45:04.000Z"},{"name":"Lesen, Verstehen","updatedAt":"2018-09-11T12:45:12.000Z","_typeName":"Competence","slug":"franzoesisch-2","id":"cjlxpl8zl0wzr0136ik7s6ijr","createdAt":"2018-09-11T12:45:12.000Z"},{"name":"Sprechen","updatedAt":"2018-09-11T12:45:18.000Z","_typeName":"Competence","slug":"franzoesisch-3","id":"cjlxpldrh0xdl0127y9eo1fia","createdAt":"2018-09-11T12:45:18.000Z"},{"name":"Schreiben","updatedAt":"2018-09-11T12:45:23.000Z","_typeName":"Competence","slug":"franzoesisch-4","id":"cjlxplhb80x5p0190pt1n1myx","createdAt":"2018-09-11T12:45:23.000Z"},{"name":"Hören, Verstehen","updatedAt":"2018-09-11T12:45:46.000Z","_typeName":"Competence","slug":"spanisch-1","id":"cjlxplyup0xng0166j97h4xds","createdAt":"2018-09-11T12:45:46.000Z"},{"name":"Lesen, Verstehen","updatedAt":"2018-09-11T12:45:51.000Z","_typeName":"Competence","slug":"spanisch-2","id":"cjlxpm3fe0wzl0187uqiyfadx","createdAt":"2018-09-11T12:45:51.000Z"},{"name":"Sprechen","updatedAt":"2018-09-11T12:45:57.000Z","_typeName":"Competence","slug":"spanisch-3","id":"cjlxpm7cd0y1x0156iwouv84d","createdAt":"2018-09-11T12:45:57.000Z"},{"name":"Schreiben","updatedAt":"2018-09-11T12:46:02.000Z","_typeName":"Competence","slug":"spanisch-4","id":"cjlxpmbkf0xfi0192127fuqhq","createdAt":"2018-09-11T12:46:02.000Z"},{"name":"Wahrnehmen und Verstehen","updatedAt":"2018-09-11T12:47:48.000Z","_typeName":"Competence","slug":"musik-1","id":"cjlxpolaj0ywd0102h1eo8806","createdAt":"2018-09-11T12:47:48.000Z"},{"name":"Gestalten","updatedAt":"2018-09-11T12:47:55.000Z","_typeName":"Competence","slug":"musik-2","id":"cjlxpoql50yzx0199g1kv7frk","createdAt":"2018-09-11T12:47:55.000Z"},{"name":"Nachdenken über Musik","updatedAt":"2018-09-11T12:48:00.000Z","_typeName":"Competence","slug":"musik-3","id":"cjlxpoukb0yp0015877s60sxm","createdAt":"2018-09-11T12:48:00.000Z"},{"name":"Wahrnehmen","updatedAt":"2018-09-12T15:11:46.000Z","_typeName":"Competence","slug":"kunst-1","id":"cjlxpp9vv0yyj01594oggd8ha","createdAt":"2018-09-11T12:48:20.000Z"},{"name":"Gestalten","updatedAt":"2018-09-12T15:11:56.000Z","_typeName":"Competence","slug":"kunst-2","id":"cjlxppekd0xxx0187shr7qtl3","createdAt":"2018-09-11T12:48:26.000Z"},{"name":"Reflektieren","updatedAt":"2018-09-12T15:12:09.000Z","_typeName":"Competence","slug":"kunst-3","id":"cjlxppixu0yyc01560vtw2lbt","createdAt":"2018-09-11T12:48:32.000Z"},{"name":"Bewegungsformen","updatedAt":"2018-09-11T12:48:50.000Z","_typeName":"Competence","slug":"sport-1","id":"cjlxppwwv0z3f01597io35y0a","createdAt":"2018-09-11T12:48:50.000Z"},{"name":"Techniken/Gegelspiele","updatedAt":"2018-09-11T12:48:55.000Z","_typeName":"Competence","slug":"sport-2","id":"cjlxpq0z30yzk013654jpcnsu","createdAt":"2018-09-11T12:48:55.000Z"},{"name":"Soziale/emotionale Kompetenzen","updatedAt":"2018-09-11T12:49:01.000Z","_typeName":"Competence","slug":"sport-3","id":"cjlxpq5na0yww014028l7uf56","createdAt":"2018-09-11T12:49:01.000Z"},{"name":"Wahrnehmung","updatedAt":"2018-09-11T12:49:24.000Z","_typeName":"Competence","slug":"theater-1","id":"cjlxpqnim107e0114ydusxg09","createdAt":"2018-09-11T12:49:24.000Z"},{"name":"Gestalten","updatedAt":"2018-09-11T12:49:30.000Z","_typeName":"Competence","slug":"theater-2","id":"cjlxpqs810zes0102lvrriwhr","createdAt":"2018-09-11T12:49:30.000Z"},{"name":"Reflektieren und Teilhaben","updatedAt":"2018-09-11T12:49:35.000Z","_typeName":"Competence","slug":"theater-3","id":"cjlxpqw56109o0114y2kkr4s8","createdAt":"2018-09-11T12:49:35.000Z"},{"updatedAt":"2018-09-18T12:43:11.000Z","_typeName":"Evaluation","id":"cjlxtejsb0ik20191c7l42s10","createdAt":"2018-09-11T14:31:58.000Z","value":6,"level":"BK"},{"updatedAt":"2018-09-11T14:32:06.000Z","_typeName":"Evaluation","id":"cjlxteqaw0ijk0162hutrws29","createdAt":"2018-09-11T14:32:06.000Z","value":4,"level":"BK"},{"updatedAt":"2018-09-18T11:25:42.000Z","_typeName":"Evaluation","id":"cjm0ffkf81tiv0161v0vpzm3x","createdAt":"2018-09-13T10:24:09.000Z","value":2,"level":"GK"},{"updatedAt":"2018-09-14T16:08:33.000Z","_typeName":"Evaluation","id":"cjm276bcy0l350113e7chp1qz","createdAt":"2018-09-14T16:08:33.000Z","value":10,"level":"GK"},{"updatedAt":"2018-09-18T09:01:00.000Z","_typeName":"Evaluation","id":"cjm276g8q0vbc01999dqumkd4","createdAt":"2018-09-14T16:08:39.000Z","value":7,"level":"BK"},{"updatedAt":"2018-09-14T16:08:44.000Z","_typeName":"Evaluation","id":"cjm276jtx0i940102lw6q0y9t","createdAt":"2018-09-14T16:08:44.000Z","value":4,"level":"BK"},{"updatedAt":"2018-09-14T16:08:53.000Z","_typeName":"Evaluation","id":"cjm276q3u0k290165pcnlg2ox","createdAt":"2018-09-14T16:08:53.000Z","value":4,"level":"AK1"},{"updatedAt":"2018-09-18T09:01:03.000Z","_typeName":"Evaluation","id":"cjm276x7j0vee0199tht9y7ra","createdAt":"2018-09-14T16:09:01.000Z","value":8,"level":"GK"},{"updatedAt":"2018-09-18T09:01:07.000Z","_typeName":"Evaluation","id":"cjm27724z0k5d016555ihthos","createdAt":"2018-09-14T16:09:08.000Z","value":7,"level":"AK2"},{"updatedAt":"2018-09-14T16:09:13.000Z","_typeName":"Evaluation","id":"cjm27767x0k5a0172qw2s9fj6","createdAt":"2018-09-14T16:09:13.000Z","value":2,"level":"AK2"},{"updatedAt":"2018-09-16T13:15:41.000Z","_typeName":"Evaluation","id":"cjm4vvpqj0ydh0108mkxh4c2y","createdAt":"2018-09-16T13:15:41.000Z","value":3,"level":"GK"},{"updatedAt":"2018-09-16T14:42:18.000Z","_typeName":"Evaluation","id":"cjm4yz3ls1ntn0187q9yaoc9v","createdAt":"2018-09-16T14:42:18.000Z","value":5,"level":"BK"},{"updatedAt":"2018-09-16T14:42:24.000Z","_typeName":"Evaluation","id":"cjm4yz82o1ni801967nvxxk0r","createdAt":"2018-09-16T14:42:24.000Z","value":2,"level":"BK"},{"updatedAt":"2018-09-26T13:26:14.000Z","_typeName":"Evaluation","id":"cjm4yzczp1oil0199qd81h8mb","createdAt":"2018-09-16T14:42:30.000Z","value":2,"level":"GK"},{"updatedAt":"2018-09-18T12:47:26.000Z","_typeName":"Evaluation","id":"cjm4yzds31mvc01602e0kd2wd","createdAt":"2018-09-16T14:42:31.000Z","value":1,"level":"GK"},{"updatedAt":"2018-09-18T12:47:29.000Z","_typeName":"Evaluation","id":"cjm4yzeti1ng70141jp6uofkr","createdAt":"2018-09-16T14:42:33.000Z","value":1,"level":"GK"},{"updatedAt":"2018-09-18T12:47:30.000Z","_typeName":"Evaluation","id":"cjm4yzg751ohi0160txz3mldo","createdAt":"2018-09-16T14:42:34.000Z","value":1,"level":"GK"},{"updatedAt":"2018-09-18T12:47:32.000Z","_typeName":"Evaluation","id":"cjm4yzidi1nv40145tyeahwlz","createdAt":"2018-09-16T14:42:37.000Z","value":1,"level":"AK"},{"updatedAt":"2018-09-18T12:47:33.000Z","_typeName":"Evaluation","id":"cjm4yzj341nkt0196gsaxg05v","createdAt":"2018-09-16T14:42:38.000Z","value":1,"level":"AK"},{"updatedAt":"2018-09-18T12:47:35.000Z","_typeName":"Evaluation","id":"cjm4yzk3t1mws0160vf9a5vhf","createdAt":"2018-09-16T14:42:39.000Z","value":1,"level":"AK"},{"updatedAt":"2018-09-18T12:47:36.000Z","_typeName":"Evaluation","id":"cjm4yzkpc1n8a0108sziwzyqs","createdAt":"2018-09-16T14:42:40.000Z","value":1,"level":"AK"},{"updatedAt":"2018-09-18T11:48:40.000Z","_typeName":"Evaluation","id":"cjm5243g90ijs0138se1slmc7","createdAt":"2018-09-16T16:10:10.000Z","value":4,"level":"BK"},{"updatedAt":"2018-09-16T16:10:12.000Z","_typeName":"Evaluation","id":"cjm5245c50jok0172b1ukaogd","createdAt":"2018-09-16T16:10:12.000Z","value":3,"level":"BK"},{"updatedAt":"2018-09-16T16:10:14.000Z","_typeName":"Evaluation","id":"cjm5246840j7f0169hee3n072","createdAt":"2018-09-16T16:10:14.000Z","value":2,"level":"BK"},{"updatedAt":"2018-09-16T16:10:15.000Z","_typeName":"Evaluation","id":"cjm52477u0iyu0108yw9eaic3","createdAt":"2018-09-16T16:10:15.000Z","value":7,"level":"BK"},{"updatedAt":"2018-09-16T16:10:18.000Z","_typeName":"Evaluation","id":"cjm5249ma0j8p0169aeyl9928","createdAt":"2018-09-16T16:10:18.000Z","value":6,"level":"GK"},{"updatedAt":"2018-09-16T16:10:19.000Z","_typeName":"Evaluation","id":"cjm524ahm0jpo0172wfcod66w","createdAt":"2018-09-16T16:10:19.000Z","value":4,"level":"GK"},{"updatedAt":"2018-09-16T16:10:20.000Z","_typeName":"Evaluation","id":"cjm524b0h0iu80112zwvgto6u","createdAt":"2018-09-16T16:10:20.000Z","value":5,"level":"GK"},{"updatedAt":"2018-09-16T16:10:22.000Z","_typeName":"Evaluation","id":"cjm524cfx0j9a0169iy8dnraz","createdAt":"2018-09-16T16:10:22.000Z","value":4,"level":"AK"},{"updatedAt":"2018-09-16T16:10:22.000Z","_typeName":"Evaluation","id":"cjm524cvf0iuj0112wcc17vd9","createdAt":"2018-09-16T16:10:22.000Z","value":5,"level":"AK"},{"updatedAt":"2018-09-16T16:10:23.000Z","_typeName":"Evaluation","id":"cjm524dic0jq90172qy5zt1iy","createdAt":"2018-09-16T16:10:23.000Z","value":2,"level":"AK"},{"updatedAt":"2018-09-16T16:10:24.000Z","_typeName":"Evaluation","id":"cjm524e0i0j9o0169m0vitg91","createdAt":"2018-09-16T16:10:24.000Z","value":3,"level":"AK"},{"updatedAt":"2018-09-18T09:01:06.000Z","_typeName":"Evaluation","id":"cjm5ah1k00j610154qdixd4qo","createdAt":"2018-09-16T20:04:11.000Z","value":6,"level":"AK1"},{"updatedAt":"2018-09-18T09:01:01.000Z","_typeName":"Evaluation","id":"cjm6ch2pk1zvl0117qmqrlfjv","createdAt":"2018-09-17T13:47:58.000Z","value":9,"level":"BK"},{"updatedAt":"2018-09-17T13:48:00.000Z","_typeName":"Evaluation","id":"cjm6ch44g205a0161uiczqghw","createdAt":"2018-09-17T13:48:00.000Z","value":4,"level":"BK"},{"updatedAt":"2018-09-17T16:39:47.000Z","_typeName":"Evaluation","id":"cjm6im1aq158c01338vu7i8vq","createdAt":"2018-09-17T16:39:47.000Z","value":2,"level":"BK"},{"updatedAt":"2018-09-17T16:39:50.000Z","_typeName":"Evaluation","id":"cjm6im39t15il0171pl0secfq","createdAt":"2018-09-17T16:39:50.000Z","value":3,"level":"BK"},{"updatedAt":"2018-09-17T16:39:57.000Z","_typeName":"Evaluation","id":"cjm6im8sk163l0145zx20u1y8","createdAt":"2018-09-17T16:39:57.000Z","value":9,"level":"BK"},{"updatedAt":"2018-09-17T16:40:01.000Z","_typeName":"Evaluation","id":"cjm6imbzh164s0165rwwgdh2j","createdAt":"2018-09-17T16:40:01.000Z","value":2,"level":"BK"},{"updatedAt":"2018-09-18T09:00:13.000Z","_typeName":"Evaluation","id":"cjm7hat1n10mv0141hvldm5k6","createdAt":"2018-09-18T08:50:50.000Z","value":4,"level":"BK"},{"updatedAt":"2018-09-18T08:50:51.000Z","_typeName":"Evaluation","id":"cjm7hatrc0zbl0148m5aa0qlx","createdAt":"2018-09-18T08:50:51.000Z","value":8,"level":"BK"},{"updatedAt":"2018-09-18T09:00:16.000Z","_typeName":"Evaluation","id":"cjm7hauf310x40115q2k41cjk","createdAt":"2018-09-18T08:50:51.000Z","value":3,"level":"BK"},{"updatedAt":"2018-09-18T09:00:17.000Z","_typeName":"Evaluation","id":"cjm7haux70zbz01488imy5lme","createdAt":"2018-09-18T08:50:52.000Z","value":4,"level":"BK"},{"updatedAt":"2018-09-18T08:50:54.000Z","_typeName":"Evaluation","id":"cjm7haw4010fa0155dahvuqho","createdAt":"2018-09-18T08:50:54.000Z","value":5,"level":"GK"},{"updatedAt":"2018-09-18T09:00:20.000Z","_typeName":"Evaluation","id":"cjm7hawnk0zsw0193ti96kvr2","createdAt":"2018-09-18T08:50:54.000Z","value":3,"level":"GK"},{"updatedAt":"2018-09-18T09:00:20.000Z","_typeName":"Evaluation","id":"cjm7hax660zez0140muo691th","createdAt":"2018-09-18T08:50:55.000Z","value":2,"level":"GK"},{"updatedAt":"2018-09-18T09:00:22.000Z","_typeName":"Evaluation","id":"cjm7haxoi0zt00169jy49jsgl","createdAt":"2018-09-18T08:50:56.000Z","value":4,"level":"GK"},{"updatedAt":"2018-09-18T08:50:57.000Z","_typeName":"Evaluation","id":"cjm7hayti0zd20148z7ywdx7b","createdAt":"2018-09-18T08:50:57.000Z","value":3,"level":"AK"},{"updatedAt":"2018-09-18T09:00:24.000Z","_typeName":"Evaluation","id":"cjm7hazqo0zx80177i1qw6a7j","createdAt":"2018-09-18T08:50:58.000Z","value":1,"level":"AK"},{"updatedAt":"2018-09-18T08:50:58.000Z","_typeName":"Evaluation","id":"cjm7hazs21080014673u4igbt","createdAt":"2018-09-18T08:50:58.000Z","value":3,"level":"AK"},{"updatedAt":"2018-09-18T09:00:25.000Z","_typeName":"Evaluation","id":"cjm7hb0nf0z5x0170rrs3lo01","createdAt":"2018-09-18T08:50:59.000Z","value":1,"level":"AK"},{"updatedAt":"2018-09-18T08:51:08.000Z","_typeName":"Evaluation","id":"cjm7hb6zx0zxu0178d2l4xb08","createdAt":"2018-09-18T08:51:08.000Z","value":5,"level":"GK"},{"updatedAt":"2018-09-18T09:01:04.000Z","_typeName":"Evaluation","id":"cjm7hb8n50z8r0170u4fv962a","createdAt":"2018-09-18T08:51:10.000Z","value":7,"level":"AK1"},{"updatedAt":"2018-09-18T08:51:11.000Z","_typeName":"Evaluation","id":"cjm7hb96k0zy901789xok3qgg","createdAt":"2018-09-18T08:51:11.000Z","value":3,"level":"AK1"},{"updatedAt":"2018-09-18T09:01:08.000Z","_typeName":"Evaluation","id":"cjm7hball106u0161wrz4nobe","createdAt":"2018-09-18T08:51:12.000Z","value":7,"level":"AK2"},{"updatedAt":"2018-09-18T08:51:13.000Z","_typeName":"Evaluation","id":"cjm7hbba00ztt0127sh6nhky8","createdAt":"2018-09-18T08:51:13.000Z","value":4,"level":"AK2"},{"updatedAt":"2018-09-18T08:51:18.000Z","_typeName":"Evaluation","id":"cjm7hbek50zk00140gcmq2box","createdAt":"2018-09-18T08:51:18.000Z","value":4,"level":"BK"},{"updatedAt":"2018-09-18T08:51:19.000Z","_typeName":"Evaluation","id":"cjm7hbfxk0zkd0140yjs40ssi","createdAt":"2018-09-18T08:51:19.000Z","value":3,"level":"BK"},{"updatedAt":"2018-09-18T08:51:21.000Z","_typeName":"Evaluation","id":"cjm7hbgts0zl60155alzj646h","createdAt":"2018-09-18T08:51:21.000Z","value":5,"level":"BK"},{"updatedAt":"2018-09-18T08:51:22.000Z","_typeName":"Evaluation","id":"cjm7hbi64109201616bt7xi59","createdAt":"2018-09-18T08:51:22.000Z","value":4,"level":"BK"},{"updatedAt":"2018-09-18T08:51:22.000Z","_typeName":"Evaluation","id":"cjm7hbi8b0zuu0190ngpac4ji","createdAt":"2018-09-18T08:51:22.000Z","value":3,"level":"BK"},{"updatedAt":"2018-09-18T08:51:43.000Z","_typeName":"Evaluation","id":"cjm7hbyih10hm0146vlm8j52i","createdAt":"2018-09-18T08:51:43.000Z","value":4,"level":"GK"},{"updatedAt":"2018-09-18T08:51:44.000Z","_typeName":"Evaluation","id":"cjm7hbzak0zoa0140s6wjkap6","createdAt":"2018-09-18T08:51:44.000Z","value":5,"level":"GK"},{"updatedAt":"2018-09-18T08:51:45.000Z","_typeName":"Evaluation","id":"cjm7hbzrt10fj0171ecpb7egv","createdAt":"2018-09-18T08:51:45.000Z","value":3,"level":"GK"},{"updatedAt":"2018-09-18T08:51:46.000Z","_typeName":"Evaluation","id":"cjm7hc0d310ip0146nou37suz","createdAt":"2018-09-18T08:51:46.000Z","value":4,"level":"GK"},{"updatedAt":"2018-09-18T08:51:48.000Z","_typeName":"Evaluation","id":"cjm7hc1zs104601934j5b3ezl","createdAt":"2018-09-18T08:51:48.000Z","value":6,"level":"AK1"},{"updatedAt":"2018-09-18T08:51:48.000Z","_typeName":"Evaluation","id":"cjm7hc24b11aw01151hn0sy77","createdAt":"2018-09-18T08:51:48.000Z","value":4,"level":"AK1"},{"updatedAt":"2018-09-18T08:51:49.000Z","_typeName":"Evaluation","id":"cjm7hc2n910rm01552pvza8us","createdAt":"2018-09-18T08:51:49.000Z","value":5,"level":"AK1"},{"updatedAt":"2018-09-18T08:51:49.000Z","_typeName":"Evaluation","id":"cjm7hc35y10ee01615jno5ppb","createdAt":"2018-09-18T08:51:49.000Z","value":3,"level":"AK1"},{"updatedAt":"2018-09-18T08:51:51.000Z","_typeName":"Evaluation","id":"cjm7hc46s11080141ffw20q21","createdAt":"2018-09-18T08:51:51.000Z","value":6,"level":"AK2"},{"updatedAt":"2018-09-18T08:51:51.000Z","_typeName":"Evaluation","id":"cjm7hc4rg0zqc0140gyg3u3uw","createdAt":"2018-09-18T08:51:51.000Z","value":5,"level":"AK2"},{"updatedAt":"2018-09-18T08:51:52.000Z","_typeName":"Evaluation","id":"cjm7hc5au101w0127whgpcvkc","createdAt":"2018-09-18T08:51:52.000Z","value":6,"level":"AK2"},{"updatedAt":"2018-09-18T08:51:54.000Z","_typeName":"Evaluation","id":"cjm7hc721106v0178s3f5w2er","createdAt":"2018-09-18T08:51:54.000Z","value":4,"level":"AK2"},{"updatedAt":"2018-09-18T08:52:01.000Z","_typeName":"Evaluation","id":"cjm7hcc2j112c0141ldit4oq2","createdAt":"2018-09-18T08:52:01.000Z","value":2,"level":"AK2"},{"updatedAt":"2018-09-18T08:52:09.000Z","_typeName":"Evaluation","id":"cjm7hchyh107j016950e9go7p","createdAt":"2018-09-18T08:52:09.000Z","value":4,"level":"GK"},{"updatedAt":"2018-09-18T08:52:10.000Z","_typeName":"Evaluation","id":"cjm7hciq1108s01937soky3c9","createdAt":"2018-09-18T08:52:10.000Z","value":3,"level":"GK"},{"updatedAt":"2018-09-18T08:52:12.000Z","_typeName":"Evaluation","id":"cjm7hckuy114r0141v3vt7uqj","createdAt":"2018-09-18T08:52:12.000Z","value":4,"level":"GK"},{"updatedAt":"2018-09-18T08:52:12.000Z","_typeName":"Evaluation","id":"cjm7hckuz0zs00148zsszesoz","createdAt":"2018-09-18T08:52:12.000Z","value":5,"level":"GK"},{"updatedAt":"2018-09-18T08:52:12.000Z","_typeName":"Evaluation","id":"cjm7hckw4103u0190iqxorjzp","createdAt":"2018-09-18T08:52:12.000Z","value":6,"level":"AK"},{"updatedAt":"2018-09-18T08:52:13.000Z","_typeName":"Evaluation","id":"cjm7hclaw0zs90148cm4934tu","createdAt":"2018-09-18T08:52:13.000Z","value":5,"level":"AK"},{"updatedAt":"2018-09-18T08:52:14.000Z","_typeName":"Evaluation","id":"cjm7hclza11530141a57429q1","createdAt":"2018-09-18T08:52:14.000Z","value":4,"level":"AK"},{"updatedAt":"2018-09-18T08:52:14.000Z","_typeName":"Evaluation","id":"cjm7hcmf510l701714h32052w","createdAt":"2018-09-18T08:52:14.000Z","value":3,"level":"AK"},{"updatedAt":"2018-09-18T08:52:31.000Z","_typeName":"Evaluation","id":"cjm7hczlf117p0141gp9j9bl0","createdAt":"2018-09-18T08:52:31.000Z","value":2,"level":"GK"},{"updatedAt":"2018-09-18T08:52:32.000Z","_typeName":"Evaluation","id":"cjm7hd0970zvd0148lvdcb9jw","createdAt":"2018-09-18T08:52:32.000Z","value":3,"level":"GK"},{"updatedAt":"2018-09-18T08:52:33.000Z","_typeName":"Evaluation","id":"cjm7hd0tm0zqe0170h9bz40iv","createdAt":"2018-09-18T08:52:33.000Z","value":4,"level":"GK"},{"updatedAt":"2018-09-18T08:52:33.000Z","_typeName":"Evaluation","id":"cjm7hd0v4109w0127f8nzy52x","createdAt":"2018-09-18T08:52:33.000Z","value":5,"level":"GK"},{"updatedAt":"2018-09-18T08:52:34.000Z","_typeName":"Evaluation","id":"cjm7hd1w510dj0169wtuweozu","createdAt":"2018-09-18T08:52:34.000Z","value":4,"level":"GK"},{"updatedAt":"2018-09-18T08:52:36.000Z","_typeName":"Evaluation","id":"cjm7hd33j0zw801489ysocbyc","createdAt":"2018-09-18T08:52:36.000Z","value":2,"level":"AK"},{"updatedAt":"2018-09-18T08:52:37.000Z","_typeName":"Evaluation","id":"cjm7hd3ld10dh0193wj3gt3gz","createdAt":"2018-09-18T08:52:37.000Z","value":3,"level":"AK"},{"updatedAt":"2018-09-18T08:52:38.000Z","_typeName":"Evaluation","id":"cjm7hd4kd11kt0115d6k6w905","createdAt":"2018-09-18T08:52:38.000Z","value":1,"level":"AK"},{"updatedAt":"2018-09-18T08:52:38.000Z","_typeName":"Evaluation","id":"cjm7hd4lk10ej01690znxhsca","createdAt":"2018-09-18T08:52:38.000Z","value":2,"level":"AK"},{"updatedAt":"2018-09-18T08:52:44.000Z","_typeName":"Evaluation","id":"cjm7hd93611aa0141cuf5nd2e","createdAt":"2018-09-18T08:52:44.000Z","value":3,"level":"AK"},{"updatedAt":"2018-09-18T09:14:32.000Z","_typeName":"Evaluation","id":"cjm7i5asx16vo0140mpwlj6ll","createdAt":"2018-09-18T09:14:32.000Z","value":5,"level":"BK"},{"updatedAt":"2018-09-18T09:14:37.000Z","_typeName":"Evaluation","id":"cjm7i5ecz17480155z64tzqzz","createdAt":"2018-09-18T09:14:37.000Z","value":4,"level":"BK"},{"updatedAt":"2018-09-18T09:14:42.000Z","_typeName":"Evaluation","id":"cjm7i5ia818fu0141anp7iqoc","createdAt":"2018-09-18T09:14:42.000Z","value":4,"level":"BK"},{"updatedAt":"2018-09-18T09:14:47.000Z","_typeName":"Evaluation","id":"cjm7i5mbw184y0146dq69qxjm","createdAt":"2018-09-18T09:14:47.000Z","value":4,"level":"BK"},{"updatedAt":"2018-09-18T09:29:58.000Z","_typeName":"Evaluation","id":"cjm7ip4ow1d2k0171ou9n56o0","createdAt":"2018-09-18T09:29:58.000Z","value":7,"level":"BK"},{"updatedAt":"2018-09-18T09:29:59.000Z","_typeName":"Evaluation","id":"cjm7ip5qv1bwo01706js6xk5m","createdAt":"2018-09-18T09:29:59.000Z","value":6,"level":"BK"},{"updatedAt":"2018-09-18T09:30:00.000Z","_typeName":"Evaluation","id":"cjm7ip6ge1cqe01273t7uuqyb","createdAt":"2018-09-18T09:30:00.000Z","value":4,"level":"BK"},{"updatedAt":"2018-09-18T09:30:01.000Z","_typeName":"Evaluation","id":"cjm7ip73e1dfg0155hamjfvch","createdAt":"2018-09-18T09:30:01.000Z","value":5,"level":"BK"},{"updatedAt":"2018-09-18T09:30:02.000Z","_typeName":"Evaluation","id":"cjm7ip84q1c4c014076vbc0c1","createdAt":"2018-09-18T09:30:02.000Z","value":5,"level":"GK"},{"updatedAt":"2018-09-18T09:30:03.000Z","_typeName":"Evaluation","id":"cjm7ip8sh1cer01907cgo0loj","createdAt":"2018-09-18T09:30:03.000Z","value":4,"level":"GK"},{"updatedAt":"2018-09-18T09:30:04.000Z","_typeName":"Evaluation","id":"cjm7ip9eu1d7g0177vcimhkdz","createdAt":"2018-09-18T09:30:04.000Z","value":4,"level":"GK"},{"updatedAt":"2018-09-18T09:30:05.000Z","_typeName":"Evaluation","id":"cjm7ipa891by60170jkw16pbf","createdAt":"2018-09-18T09:30:05.000Z","value":6,"level":"GK"},{"updatedAt":"2018-09-30T16:50:33.000Z","_typeName":"Evaluation","id":"cjm7iqnlz1dqq016170vwijvp","createdAt":"2018-09-18T09:31:09.000Z","value":2,"level":"BK"},{"updatedAt":"2018-09-18T09:31:10.000Z","_typeName":"Evaluation","id":"cjm7iqoe81eeh0155le7gcico","createdAt":"2018-09-18T09:31:10.000Z","value":5,"level":"BK"},{"updatedAt":"2018-09-30T16:50:39.000Z","_typeName":"Evaluation","id":"cjm7iqp4w1ct8017096rjcjst","createdAt":"2018-09-18T09:31:11.000Z","value":10,"level":"BK"},{"updatedAt":"2018-09-18T09:31:12.000Z","_typeName":"Evaluation","id":"cjm7iqq261eey0155yma17a7p","createdAt":"2018-09-18T09:31:12.000Z","value":7,"level":"BK"},{"updatedAt":"2018-09-18T09:31:13.000Z","_typeName":"Evaluation","id":"cjm7iqqpo1ds50161k8bq0mtk","createdAt":"2018-09-18T09:31:13.000Z","value":8,"level":"BK"},{"updatedAt":"2018-09-18T09:31:14.000Z","_typeName":"Evaluation","id":"cjm7iqrr81dsi01618j56jlqy","createdAt":"2018-09-18T09:31:14.000Z","value":2,"level":"GK"},{"updatedAt":"2018-09-18T09:31:15.000Z","_typeName":"Evaluation","id":"cjm7iqsca1d3i0140ft2aw135","createdAt":"2018-09-18T09:31:15.000Z","value":2,"level":"GK"},{"updatedAt":"2018-09-18T09:31:16.000Z","_typeName":"Evaluation","id":"cjm7iqsy31dol01784ng2u2pu","createdAt":"2018-09-18T09:31:16.000Z","value":1,"level":"GK"},{"updatedAt":"2018-09-18T09:50:52.000Z","_typeName":"Evaluation","id":"cjm7jg0rn1jqn0140s50m67a7","createdAt":"2018-09-18T09:50:52.000Z","value":2,"level":"BK"},{"updatedAt":"2018-09-18T09:50:56.000Z","_typeName":"Evaluation","id":"cjm7jg3yx1l370127aob1l2se","createdAt":"2018-09-18T09:50:56.000Z","value":6,"level":"BK"},{"updatedAt":"2018-09-18T11:48:52.000Z","_typeName":"Evaluation","id":"cjm7jg8zr1kw30193j5mu9ilw","createdAt":"2018-09-18T09:51:03.000Z","value":4,"level":"BK"},{"updatedAt":"2018-09-18T12:33:04.000Z","_typeName":"Evaluation","id":"cjm7mbt5f06gy0126bvdbi4c3","createdAt":"2018-09-18T11:11:35.000Z","value":8,"level":"BK"},{"updatedAt":"2018-09-18T11:11:45.000Z","_typeName":"Evaluation","id":"cjm7mc0yh05lo017673ys1ckn","createdAt":"2018-09-18T11:11:45.000Z","value":9,"level":"BK"},{"updatedAt":"2018-09-18T11:11:49.000Z","_typeName":"Evaluation","id":"cjm7mc4a8060t01402j96bo53","createdAt":"2018-09-18T11:11:49.000Z","value":5,"level":"BK"},{"updatedAt":"2018-09-18T11:12:12.000Z","_typeName":"Evaluation","id":"cjm7mc8fq062d0140wby1fvvy","createdAt":"2018-09-18T11:11:54.000Z","value":10,"level":"BK"},{"updatedAt":"2018-09-18T11:21:25.000Z","_typeName":"Evaluation","id":"cjm7mewyb07cp0195z1h3ne1m","createdAt":"2018-09-18T11:14:00.000Z","value":3,"level":"BK"},{"updatedAt":"2018-09-18T11:14:01.000Z","_typeName":"Evaluation","id":"cjm7mextq06es0167xdm01qco","createdAt":"2018-09-18T11:14:01.000Z","value":2,"level":"BK"},{"updatedAt":"2018-09-18T11:49:00.000Z","_typeName":"Evaluation","id":"cjm7nnxz90n1x0109dcb1g4l8","createdAt":"2018-09-18T11:49:00.000Z","value":1,"level":"BK"},{"updatedAt":"2018-09-18T11:49:01.000Z","_typeName":"Evaluation","id":"cjm7nnyow0nfw0170zf2210od","createdAt":"2018-09-18T11:49:01.000Z","value":1,"level":"BK"},{"updatedAt":"2018-09-18T11:49:04.000Z","_typeName":"Evaluation","id":"cjm7nnz4x0mqh0168xkwb8i2l","createdAt":"2018-09-18T11:49:02.000Z","value":4,"level":"BK"},{"updatedAt":"2018-09-18T11:49:20.000Z","_typeName":"Evaluation","id":"cjm7nod5z0mdi01411maep365","createdAt":"2018-09-18T11:49:20.000Z","value":1,"level":"BK"},{"updatedAt":"2018-09-18T11:49:22.000Z","_typeName":"Evaluation","id":"cjm7noemn0mq30126drbui5jm","createdAt":"2018-09-18T11:49:22.000Z","value":1,"level":"BK"},{"updatedAt":"2018-09-18T11:49:34.000Z","_typeName":"Evaluation","id":"cjm7nol6b0nbr0109paea4cr6","createdAt":"2018-09-18T11:49:30.000Z","value":2,"level":"BK"},{"updatedAt":"2018-09-18T11:49:36.000Z","_typeName":"Evaluation","id":"cjm7nolht0mgj0141gxkoa6wo","createdAt":"2018-09-18T11:49:31.000Z","value":4,"level":"BK"},{"updatedAt":"2018-09-18T11:49:35.000Z","_typeName":"Evaluation","id":"cjm7nom010mcd0140542j902d","createdAt":"2018-09-18T11:49:31.000Z","value":4,"level":"BK"},{"updatedAt":"2018-09-18T11:49:47.000Z","_typeName":"Evaluation","id":"cjm7noy8t0nx80140lgma1neb","createdAt":"2018-09-18T11:49:47.000Z","value":2,"level":"GK"},{"updatedAt":"2018-09-18T11:49:48.000Z","_typeName":"Evaluation","id":"cjm7noyyf0n5r0135dzqpkmml","createdAt":"2018-09-18T11:49:48.000Z","value":5,"level":"GK"},{"updatedAt":"2018-09-18T11:49:49.000Z","_typeName":"Evaluation","id":"cjm7nozpq0n5z01687yd7n462","createdAt":"2018-09-18T11:49:49.000Z","value":7,"level":"GK"},{"updatedAt":"2018-09-18T11:49:50.000Z","_typeName":"Evaluation","id":"cjm7np0em0ly201674ep22fct","createdAt":"2018-09-18T11:49:50.000Z","value":7,"level":"GK"},{"updatedAt":"2018-09-18T11:49:52.000Z","_typeName":"Evaluation","id":"cjm7np1md0mgq0176f5umpg4m","createdAt":"2018-09-18T11:49:52.000Z","value":6,"level":"GK"},{"updatedAt":"2018-09-18T12:12:47.000Z","_typeName":"Evaluation","id":"cjm7oiinz0vrd0167gc221rwm","createdAt":"2018-09-18T12:12:47.000Z","value":2,"level":"BK"},{"updatedAt":"2018-09-18T12:13:04.000Z","_typeName":"Evaluation","id":"cjm7oioki0xap01090dvu0v06","createdAt":"2018-09-18T12:12:54.000Z","value":5,"level":"BK"},{"updatedAt":"2018-09-18T12:13:06.000Z","_typeName":"Evaluation","id":"cjm7oirkr0xg40170odq825n9","createdAt":"2018-09-18T12:12:58.000Z","value":3,"level":"BK"},{"updatedAt":"2018-09-18T12:13:10.000Z","_typeName":"Evaluation","id":"cjm7oj0yv0xju0168v8t2qmmd","createdAt":"2018-09-18T12:13:10.000Z","value":4,"level":"BK"},{"updatedAt":"2018-09-21T13:45:43.000Z","_typeName":"Evaluation","id":"cjm7p8ea4178201891e5r9o73","createdAt":"2018-09-18T12:32:54.000Z","value":5,"level":"GK"},{"updatedAt":"2018-09-18T12:32:56.000Z","_typeName":"Evaluation","id":"cjm7p8fvp16c30141tt2ayy2i","createdAt":"2018-09-18T12:32:56.000Z","value":2,"level":"GK"},{"updatedAt":"2018-09-18T12:32:58.000Z","_typeName":"Evaluation","id":"cjm7p8h0x16yz012488st5zo7","createdAt":"2018-09-18T12:32:58.000Z","value":3,"level":"GK"},{"updatedAt":"2018-09-18T12:32:59.000Z","_typeName":"Evaluation","id":"cjm7p8hzw15wu0164fcys46ev","createdAt":"2018-09-18T12:32:59.000Z","value":2,"level":"GK"},{"updatedAt":"2018-09-18T12:33:40.000Z","_typeName":"Evaluation","id":"cjm7p8zw4179d0168e4daal7t","createdAt":"2018-09-18T12:33:22.000Z","value":1,"level":"GK"},{"updatedAt":"2018-09-18T12:33:23.000Z","_typeName":"Evaluation","id":"cjm7p90lz179c01241jiqv4wa","createdAt":"2018-09-18T12:33:23.000Z","value":4,"level":"GK"},{"updatedAt":"2018-09-18T13:13:32.000Z","_typeName":"Evaluation","id":"cjm7p91nr1727017621p4xu1c","createdAt":"2018-09-18T12:33:24.000Z","value":10,"level":"GK"},{"updatedAt":"2018-09-18T12:33:41.000Z","_typeName":"Evaluation","id":"cjm7p93o115vx0167e59ws321","createdAt":"2018-09-18T12:33:27.000Z","value":1,"level":"GK"},{"updatedAt":"2018-09-27T11:54:09.000Z","_typeName":"Evaluation","id":"cjmkit7wv0hz501457ovsicml","createdAt":"2018-09-27T11:54:09.000Z","value":7,"level":"BK"},{"updatedAt":"2018-09-27T11:54:17.000Z","_typeName":"Evaluation","id":"cjmkitean0i5h0184ezp3jhot","createdAt":"2018-09-27T11:54:17.000Z","value":10,"level":"BK"},{"updatedAt":"2018-09-27T12:08:00.000Z","_typeName":"Evaluation","id":"cjmkitihy0i6c0130jqtw4usz","createdAt":"2018-09-27T11:54:22.000Z","value":9,"level":"BK"},{"updatedAt":"2018-09-27T11:54:28.000Z","_typeName":"Evaluation","id":"cjmkitm760ifv0162stai9lv5","createdAt":"2018-09-27T11:54:28.000Z","value":10,"level":"BK"},{"updatedAt":"2018-09-27T12:12:32.000Z","_typeName":"Evaluation","id":"cjmkjgvjw0qip0134jhbr13ry","createdAt":"2018-09-27T12:12:32.000Z","value":10,"level":"BK"},{"updatedAt":"2018-09-27T12:12:36.000Z","_typeName":"Evaluation","id":"cjmkjgyd00r3401686thbtgtl","createdAt":"2018-09-27T12:12:36.000Z","value":10,"level":"BK"},{"updatedAt":"2018-09-27T12:12:39.000Z","_typeName":"Evaluation","id":"cjmkjh0r50rd101620596v4f7","createdAt":"2018-09-27T12:12:39.000Z","value":10,"level":"BK"},{"updatedAt":"2018-09-27T12:12:42.000Z","_typeName":"Evaluation","id":"cjmkjh3bi0sdc0128rnqvnfmm","createdAt":"2018-09-27T12:12:42.000Z","value":10,"level":"BK"},{"name":"Test image","updatedAt":"2018-09-14T13:35:19.000Z","linkUrl":"","uploadUrl":"https://res.cloudinary.com/nilsolleoskar/image/upload/v1536932119/Alternativschule/ppiuwga93v0y2xsuadtf.jpg","_typeName":"Material","description":"","id":"cjm21p97m1mrf0116zzhklato","contentType":"Bild","createdAt":"2018-09-14T13:35:19.000Z"},{"name":"Animal 1","updatedAt":"2018-09-16T16:43:42.000Z","linkUrl":"","uploadUrl":"https://res.cloudinary.com/nilsolleoskar/image/upload/v1537116222/Alternativschule/j3c9dqh9jsm1swvbqpdq.jpg","_typeName":"Material","description":"","id":"cjm53b89g0s250112mwx0junj","contentType":"Bild","createdAt":"2018-09-16T16:43:42.000Z"},{"name":"Book 1","updatedAt":"2018-09-16T16:46:29.000Z","linkUrl":"","uploadUrl":"https://res.cloudinary.com/nilsolleoskar/image/upload/v1537116387/Alternativschule/t8ebwarttywpzukpl16z.pdf","_typeName":"Material","description":"","id":"cjm53esld0th50113ypngi931","contentType":"PDF","createdAt":"2018-09-16T16:46:29.000Z"},{"name":"Book 2","updatedAt":"2018-09-16T16:49:27.000Z","linkUrl":"","uploadUrl":"https://res.cloudinary.com/nilsolleoskar/image/upload/v1537116566/Alternativschule/ft6orjjf2ha2epkxreog.pdf","_typeName":"Material","description":"","id":"cjm53imf70ttb0184dcxyumrq","contentType":"PDF","createdAt":"2018-09-16T16:49:27.000Z"},{"name":"Link","updatedAt":"2018-09-16T16:54:29.000Z","linkUrl":"https://www.google.de/","_typeName":"Material","description":"asdfasdf","id":"cjm53p2wr0ujn0138cca9r4xr","contentType":"Link","createdAt":"2018-09-16T16:54:29.000Z"},{"name":"Superhumans","updatedAt":"2018-09-16T16:55:26.000Z","linkUrl":"https://www.youtube.com/watch?v=10J6crRacZg","_typeName":"Material","description":"","id":"cjm53qbaq0vk30120tcc61n7j","contentType":"Video","createdAt":"2018-09-16T16:55:26.000Z"},{"name":"Cute animals","updatedAt":"2018-09-17T09:53:07.000Z","linkUrl":"","uploadUrl":"https://res.cloudinary.com/nilsolleoskar/image/upload/v1537177986/Alternativschule/foysx8gqskp67qwot2a0.jpg","_typeName":"Material","description":"Kangaroo and chicks","id":"cjm6432dm1m4b0106ertu7cnu","contentType":"Bild","createdAt":"2018-09-17T09:53:07.000Z"},{"name":"Töpfern macht Spaß!","updatedAt":"2018-09-17T15:40:02.000Z","linkUrl":"","uploadUrl":"https://res.cloudinary.com/nilsolleoskar/image/upload/v1537198801/Alternativschule/jm1bhfmo0hlzv1seeii3.png","_typeName":"Material","description":"Beim Töpfern werden Gegenstände aus Ton/Lehm geformt, getrocknet, dekoriert und gebrannt, wodurch die Endprodukte hart und teilweise wasserundurchlässig werden.\n","id":"cjm6gh6xm0l1j0145i44369ko","contentType":"Bild","createdAt":"2018-09-17T15:40:02.000Z"},{"name":"Zahnstocher","updatedAt":"2018-09-18T09:01:35.000Z","linkUrl":"","uploadUrl":"https://res.cloudinary.com/nilsolleoskar/image/upload/v1537261294/Alternativschule/ajnzdgh6ghp54rtkbfsl.png","_typeName":"Material","description":"So sehen nach 35 Stunden fleißigem Schnitzen die fertigen Zahnstocher aus.","id":"cjm7hon0313iw0146j9f1szt2","contentType":"Bild","createdAt":"2018-09-18T09:01:35.000Z"},{"name":"Pfeil & Bogen","updatedAt":"2018-09-18T09:03:39.000Z","linkUrl":"","uploadUrl":"https://res.cloudinary.com/nilsolleoskar/image/upload/v1537261419/Alternativschule/ookkzguptytzrsvajnpl.png","_typeName":"Material","description":"Robin Hood kann nicht so viel, aber Pfeil & Bogen.","id":"cjm7hrayq148s0155ezw7b2jb","contentType":"Bild","createdAt":"2018-09-18T09:03:39.000Z"},{"name":"Schnitzanleitung für Holzmesser","updatedAt":"2018-09-18T09:10:03.000Z","linkUrl":"","uploadUrl":"https://res.cloudinary.com/nilsolleoskar/image/upload/v1537261802/Alternativschule/qlbfc6lqgbzqdx5x3k1r.pdf","_typeName":"Material","description":"","id":"cjm7hziyt15o20190faj1hhmw","contentType":"PDF","createdAt":"2018-09-18T09:10:03.000Z"},{"name":"Schnitzel","updatedAt":"2018-09-18T09:14:51.000Z","linkUrl":"","uploadUrl":"https://res.cloudinary.com/nilsolleoskar/image/upload/v1537262090/Alternativschule/kz29rg2xtbmrxlwopf3h.png","_typeName":"Material","description":"","id":"cjm7i5ovy185j0146x06aysn5","contentType":"Bild","createdAt":"2018-09-18T09:14:51.000Z"},{"name":"Test link","updatedAt":"2018-09-18T09:44:20.000Z","linkUrl":"https://www.google.de/search?q=asdf&oq=asdf&aqs=chrome..69i57j0j69i59j69i60j69i59j0.380j0j7&sourceid=chrome&ie=UTF-8","_typeName":"Material","description":"link","id":"cjm7j7lvy1iux0127i7imiema","contentType":"Link","createdAt":"2018-09-18T09:44:20.000Z"},{"name":"Eisschnitzen","updatedAt":"2018-09-18T10:01:37.000Z","linkUrl":"https://www.youtube.com/watch?v=qJ3JXOME9Ss","_typeName":"Material","description":"Dieses Video hat nichts mit Töpfern zu tun.","id":"cjm7jttt21p8k0177sbk759le","contentType":"Video","createdAt":"2018-09-18T10:01:37.000Z"},{"name":"Geschnetzeltes","updatedAt":"2018-09-18T10:09:53.000Z","linkUrl":"https://www.youtube.com/watch?v=P3V2zTCbIA4","_typeName":"Material","description":"","id":"cjm7k4hby1pzp01488vb78k8x","contentType":"Video","createdAt":"2018-09-18T10:09:53.000Z"},{"name":"Schnitzset","updatedAt":"2018-09-18T10:12:16.000Z","linkUrl":"https://www.amazon.de/dp/B01N074KGN/ref=asc_df_B01N074KGN55682890/?tag=googshopde-21&creative=22434&creativeASIN=B01N074KGN&linkCode=df0&hvadid=214438772528&hvpos=1o1&hvnetw=g&hvrand=801428934362007954&hvpone=&hvptwo=&hvqmt=&hvdev=c&hvdvcmdl=&hvlocint=&hvlocphy=9043099&hvtargid=pla-540991989832&th=1&psc=1","_typeName":"Material","description":"80-teiliges Schnitzset","id":"cjm7k7jhx1spv01463au9pzgo","contentType":"Link","createdAt":"2018-09-18T10:12:16.000Z"},{"name":"Test video","updatedAt":"2018-09-18T10:29:52.000Z","linkUrl":"http://www.video.com","_typeName":"Material","description":"asdf","id":"cjm7ku5yj1yt20155gfgp9dwj","contentType":"Video","createdAt":"2018-09-18T10:29:52.000Z"},{"name":"Test bild","updatedAt":"2018-09-18T10:30:20.000Z","linkUrl":"","uploadUrl":"https://res.cloudinary.com/nilsolleoskar/image/upload/v1537266619/Alternativschule/m6nbeodaniskhpgspe22.jpg","_typeName":"Material","description":"bild","id":"cjm7kurin1xul0161u9wf6vr8","contentType":"Bild","createdAt":"2018-09-18T10:30:20.000Z"},{"name":"Schlechte Haltung","updatedAt":"2018-09-18T10:30:32.000Z","linkUrl":"","uploadUrl":"https://res.cloudinary.com/nilsolleoskar/image/upload/v1537266632/Alternativschule/yfb3iwycnlrskgzrlwhi.png","_typeName":"Material","description":"","id":"cjm7kv16t1z2q01551kqmfhoy","contentType":"Bild","createdAt":"2018-09-18T10:30:32.000Z"},{"name":"Test PDF","updatedAt":"2018-09-18T10:31:19.000Z","linkUrl":"","uploadUrl":"https://res.cloudinary.com/nilsolleoskar/image/upload/v1537266678/Alternativschule/zssvk729d83tlgawt367.pdf","_typeName":"Material","description":"text","id":"cjm7kw0yw1ydu01556cuvbm1o","contentType":"PDF","createdAt":"2018-09-18T10:31:19.000Z"},{"name":"Malen nach Zahlen in Farbe","updatedAt":"2018-09-18T10:40:07.000Z","linkUrl":"https://www.youtube.com/watch?v=lJ7adwajnRM","_typeName":"Material","description":"Farbe ist auch schön!","id":"cjm7l7d3x23ad0155yztvwq7x","contentType":"Video","createdAt":"2018-09-18T10:40:07.000Z"},{"name":"anoter test","updatedAt":"2018-09-18T10:40:50.000Z","linkUrl":"www.link.com","_typeName":"Material","description":"long description long description long description long description long description long description long description long description long description long description long description long description long description long description long description long description long description long description long description long description ","id":"cjm7l8a9923ld01150v7w5y9t","contentType":"Link","createdAt":"2018-09-18T10:40:50.000Z"},{"name":"Katze","updatedAt":"2018-09-18T10:41:16.000Z","linkUrl":"","uploadUrl":"https://res.cloudinary.com/nilsolleoskar/image/upload/v1537267276/Alternativschule/htjwcyxauday9chrtkna.png","_typeName":"Material","description":"Tipp: Verbinde die Zahlen aufsteigend von 1-  50.","id":"cjm7l8u7123qh0171pdazmp3b","contentType":"Bild","createdAt":"2018-09-18T10:41:16.000Z"},{"name":"Portrait von Christoph Kolumbus","updatedAt":"2018-09-18T10:44:23.000Z","linkUrl":"","uploadUrl":"https://res.cloudinary.com/nilsolleoskar/image/upload/v1537267462/Alternativschule/uia0b229lfnirk3i0zcc.png","_typeName":"Material","description":"Im Jahre 1519 von Sebastiano del Piombo gemalt durch das Verbinden von Zahlen 4635-34569780.\n\nSebastiano del Piombo wurde in Venedig geboren. Spielt gerne Schach und mag Malen-nach-Zahlen sehr.","id":"cjm7lcu7x242d0169kc61qdrl","contentType":"Bild","createdAt":"2018-09-18T10:44:23.000Z"},{"name":"another pic","updatedAt":"2018-09-18T12:17:30.000Z","linkUrl":"http://","uploadUrl":"https://res.cloudinary.com/nilsolleoskar/image/upload/v1537273049/Alternativschule/ly9oov70eqyfuzmz7qhl.jpg","_typeName":"Material","description":"asd","id":"cjm7ool6k10ta0166sjdvw3qe","contentType":"Bild","createdAt":"2018-09-18T12:17:30.000Z"},{"updatedAt":"2018-09-17T15:02:01.000Z","_typeName":"PrefectNote","text":"Good kid","id":"cjm6f4a7l01ul0165qso02uc7","createdAt":"2018-09-17T15:02:01.000Z"},{"updatedAt":"2018-09-17T15:11:37.000Z","_typeName":"PrefectNote","text":"Another note","id":"cjm6fgndq04om0169ewjvzcwn","createdAt":"2018-09-17T15:11:37.000Z"},{"updatedAt":"2018-09-17T15:41:22.000Z","_typeName":"PrefectNote","text":"Lorem ipsum dolor sit amet, consectetur adipisicing elit, sed do eiusmod tempor incididunt ut labore et dolore magna aliqua. Ut enim ad minim veniam, quis nostrud exercitation ullamco laboris nisi ut aliquip ex.","id":"cjm6gix0j0lht0154w8v82xv7","createdAt":"2018-09-17T15:41:22.000Z"},{"updatedAt":"2018-09-17T15:41:39.000Z","_typeName":"PrefectNote","text":"Lorem ipsum dolor sit amet, consectetur adipisicing elit, sed do eiusmod tempor incididunt ut labore et dolore magna aliqua. Ut enim ad minim veniam, quis nostrud exercitation ullamco laboris nisi ut.","id":"cjm6gja290l0o0169q5yt1sos","createdAt":"2018-09-17T15:41:39.000Z"},{"updatedAt":"2018-09-18T08:22:53.000Z","_typeName":"PrefectNote","text":"Gut! Ach wir wollen mal nich untertreiben... der Jung ist richtig, richtig, mega gut!!!","id":"cjm7gav4i0r7a0155i2gwvqzm","createdAt":"2018-09-18T08:22:53.000Z"},{"updatedAt":"2018-09-18T11:17:28.000Z","_typeName":"PrefectNote","text":"Klasse Tom, weiter so!","id":"cjm7mjdnv08xc0189wyvbuihg","createdAt":"2018-09-18T11:17:28.000Z"},{"updatedAt":"2018-09-18T11:17:50.000Z","_typeName":"PrefectNote","text":"Tom, heute hast du ja gar nichts gemacht, was ist los mit dir?","id":"cjm7mjv5f08v10109x77msebh","createdAt":"2018-09-18T11:17:50.000Z"},{"name":"Space project","updatedAt":"2018-09-26T12:19:02.000Z","_typeName":"Project","description":"Apollo mission","selfLearn":false,"isPublished":true,"slug":"space-project","id":"cjlxstr1q0cgt0124hvvs72b4","createdAt":"2018-09-11T14:15:48.000Z"},{"name":"Cryptozoology","updatedAt":"2018-09-26T12:19:02.000Z","_typeName":"Project","description":"Bigfoot et al","selfLearn":false,"isPublished":true,"slug":"cryptozoology","id":"cjlxt33t70f0w0193ivm57yzb","createdAt":"2018-09-11T14:23:04.000Z"},{"name":"DNA","updatedAt":"2018-09-26T12:19:02.000Z","_typeName":"Project","description":"Spirals","selfLearn":false,"isPublished":true,"slug":"dna","id":"cjlxtcsw20hak0185seabjq9n","createdAt":"2018-09-11T14:30:36.000Z"},{"name":"Dinosaurier ","updatedAt":"2018-09-26T12:19:02.000Z","_typeName":"Project","description":"Großer, Kleine, Dicke, Dünne","selfLearn":false,"isPublished":true,"slug":"dinosaurier","id":"cjlzbuzm90m4l01612oai97r2","createdAt":"2018-09-12T15:56:24.000Z"},{"name":"Bäume","updatedAt":"2018-09-26T12:19:02.000Z","_typeName":"Project","description":"Grüne, Gelbe, Braune, Blaue","selfLearn":false,"isPublished":true,"slug":"baume","id":"cjm0fc6rz1s4j0190iuxqwiwy","createdAt":"2018-09-13T10:21:32.000Z"},{"name":"Advanced","updatedAt":"2018-09-26T12:19:02.000Z","_typeName":"Project","description":"Advanced project description","selfLearn":false,"isPublished":true,"slug":"advanced","id":"cjm1y4a840p3e0116vbhcgq37","createdAt":"2018-09-14T11:55:02.000Z"},{"name":"Advanced 2","updatedAt":"2018-09-26T12:19:02.000Z","_typeName":"Project","description":"Lorem ","selfLearn":true,"isPublished":true,"slug":"advanced-2","id":"cjm1y4txp0p580178d1dcuyuc","createdAt":"2018-09-14T11:55:27.000Z"},{"name":"Algebra 1","updatedAt":"2018-09-26T12:19:02.000Z","_typeName":"Project","description":"test","selfLearn":false,"isPublished":true,"slug":"algebra-1","id":"cjm26jbl70fze0190xlfkbcdo","createdAt":"2018-09-14T15:50:40.000Z"},{"name":"Multiple levels test","updatedAt":"2018-09-26T12:19:02.000Z","_typeName":"Project","description":"test","selfLearn":false,"isPublished":true,"slug":"multiple-levels-test","id":"cjm4vhzlt0uzr0160i8cnwad7","createdAt":"2018-09-16T13:05:01.000Z"},{"name":"Töpfer-AG","updatedAt":"2018-09-26T12:19:02.000Z","_typeName":"Project","description":"Als Töpferei wird heute eine Technik zur Herstellung von Keramik genannt.","selfLearn":false,"isPublished":true,"slug":"topfer-ag","id":"cjm6gg4vr0ka80178a9xj058v","createdAt":"2018-09-17T15:39:12.000Z"},{"name":"Chemisty 1","updatedAt":"2018-09-26T12:19:02.000Z","_typeName":"Project","description":"Lorem ipsum dolor sit amet, consectetur adipisicing elit, sed do eiusmod tempor incididunt ut labore et dolore magna aliqua. Ut enim ad minim veniam, quis nostrud exercitation ullamco laboris nisi ut aliquip ex ea commodo consequat. Duis aute irure dolor in reprehenderit in voluptate velit esse cillum dolore eu fugiat nulla pariatur. Excepteur sint occaecat cupidatat non proident, sunt in culpa qui officia deserunt mollit anim id est laborum.","selfLearn":false,"isPublished":true,"slug":"chemisty-1","id":"cjm7h7bhd0zbf01612x0aa0dq","createdAt":"2018-09-18T08:48:07.000Z"},{"name":"Info 1","updatedAt":"2018-09-26T12:19:02.000Z","_typeName":"Project","description":"Lorem ipsum dolor sit amet, consectetur adipisicing elit, sed do eiusmod tempor incididunt ut labore et dolore magna aliqua. Ut enim ad minim veniam, quis nostrud exercitation ullamco laboris nisi ut aliquip ex ea commodo consequat. Duis aute irure dolor in reprehenderit in voluptate velit esse cillum dolore eu fugiat nulla pariatur. Excepteur sint occaecat cupidatat non proident, sunt in culpa qui officia deserunt mollit anim id est laborum.","selfLearn":false,"isPublished":true,"slug":"info-1","id":"cjm7h7iyi0yoh01403savdrli","createdAt":"2018-09-18T08:48:17.000Z"},{"name":"Ethik 1","updatedAt":"2018-09-26T12:19:02.000Z","_typeName":"Project","description":"Lorem ipsum dolor sit amet, consectetur adipisicing elit, sed do eiusmod tempor incididunt ut labore et dolore magna aliqua. Ut enim ad minim veniam, quis nostrud exercitation ullamco laboris nisi ut aliquip ex ea commodo consequat. Duis aute irure dolor in reprehenderit in voluptate velit esse cillum dolore eu fugiat nulla pariatur. Excepteur sint occaecat cupidatat non proident, sunt in culpa qui officia deserunt mollit anim id est laborum.","selfLearn":false,"isPublished":true,"slug":"ethik-1","id":"cjm7h7qeu0zep016151rcw9fw","createdAt":"2018-09-18T08:48:26.000Z"},{"name":"Physik 1","updatedAt":"2018-09-26T12:19:02.000Z","_typeName":"Project","description":"Lorem ipsum dolor sit amet, consectetur adipisicing elit, sed do eiusmod tempor incididunt ut labore et dolore magna aliqua. Ut enim ad minim veniam, quis nostrud exercitation ullamco laboris nisi ut aliquip ex ea commodo consequat. Duis aute irure dolor in reprehenderit in voluptate velit esse cillum dolore eu fugiat nulla pariatur. Excepteur sint occaecat cupidatat non proident, sunt in culpa qui officia deserunt mollit anim id est laborum.","selfLearn":false,"isPublished":true,"slug":"physik-1","id":"cjm7h8pf5106n0141foa9nq7x","createdAt":"2018-09-18T08:49:12.000Z"},{"name":"Deutsch 1","updatedAt":"2018-09-26T12:19:02.000Z","_typeName":"Project","description":"Lorem ipsum dolor sit amet, consectetur adipisicing elit, sed do eiusmod tempor incididunt ut labore et dolore magna aliqua. Ut enim ad minim veniam, quis nostrud exercitation ullamco laboris nisi ut aliquip ex ea commodo consequat. Duis aute irure dolor in reprehenderit in voluptate velit esse cillum dolore eu fugiat nulla pariatur. Excepteur sint occaecat cupidatat non proident, sunt in culpa qui officia deserunt mollit anim id est laborum.","selfLearn":false,"isPublished":true,"slug":"deutsch-1","id":"cjm7ha82g0zjh01270qvmokxl","createdAt":"2018-09-18T08:50:22.000Z"},{"name":"Schnitzen-AG","updatedAt":"2018-09-26T12:19:02.000Z","_typeName":"Project","description":"Holz ist toll! Zahnstocher, Pfeil & Bogen, und noch viel mehr...","selfLearn":false,"isPublished":true,"slug":"schnitzen-ag","id":"cjm7hke6711vv0169k20xgp1l","createdAt":"2018-09-18T08:58:17.000Z"},{"name":"François 1","updatedAt":"2018-09-26T12:19:02.000Z","_typeName":"Project","description":"Lorem ipsum dolor sit amet, consectetur adipisicing elit, sed do eiusmod tempor\nincididunt ut labore et dolore magna aliqua. Ut enim ad minim veniam, quis\nnostrud exercitation ullamco laboris nisi ut aliquip ex ea commodo consequat.\nDuis aute irure dolor in reprehenderit in voluptate velit esse cillum dolore eu\nfugiat nulla pariatur. Excepteur sint occaecat cupidatat non proident, sunt in\nculpa qui officia deserunt mollit anim id est laborum.","selfLearn":false,"isPublished":true,"slug":"francois-1","id":"cjm7ioo541dpw0115lophfmk5","createdAt":"2018-09-18T09:29:36.000Z"},{"name":"Realpolitik 1","updatedAt":"2018-09-26T12:19:02.000Z","_typeName":"Project","description":"Lorem ipsum dolor sit amet, consectetur adipisicing elit, sed do eiusmod tempor\nincididunt ut labore et dolore magna aliqua. Ut enim ad minim veniam, quis\nnostrud exercitation ullamco laboris nisi ut aliquip ex ea commodo consequat.\nDuis aute irure dolor in reprehenderit in voluptate velit esse cillum dolore eu\nfugiat nulla pariatur. Excepteur sint occaecat cupidatat non proident, sunt in\nculpa qui officia deserunt mollit anim id est laborum.","selfLearn":false,"isPublished":true,"slug":"realpolitik-1","id":"cjm7iqb5i1d5d01616mkgptv8","createdAt":"2018-09-18T09:30:53.000Z"},{"name":"Theos Malen-Nach-Zahlen-Advanced","updatedAt":"2018-09-26T12:19:02.000Z","_typeName":"Project","description":"Durch das Verbinden von Zahlen entstanden bereits im Mittelalter Kunstwerke wie zum Beispiel das Portrait von Christoph Kolumbus. (1519 von Sebastiano del Piombo)","selfLearn":false,"isPublished":true,"slug":"theos-malen-nach-zahlen-advanced","id":"cjm7kfhqp1tm001618jxgbp6y","createdAt":"2018-09-18T10:18:27.000Z"},{"name":"Theos Rückenübungen","updatedAt":"2018-09-26T12:19:02.000Z","_typeName":"Project","description":"Den ganzen Tag sitzend vor dem Schreibtisch, erfordert eine ausgewogene Rückenübungseinheit am Abend. ","selfLearn":false,"isPublished":true,"slug":"theos-ruckenubungen","id":"cjm7ks10k1wt601788soggdml","createdAt":"2018-09-18T10:28:12.000Z"},{"name":"Mikroben","updatedAt":"2018-09-26T12:19:02.000Z","_typeName":"Project","description":"Klein aber Fein!","selfLearn":false,"isPublished":true,"slug":"mikroben","id":"cjm7muzj40c6o01646otkeqid","createdAt":"2018-09-18T11:26:29.000Z"},{"name":"More space","updatedAt":"2018-09-26T12:19:02.000Z","_typeName":"Project","description":"asd","selfLearn":false,"isPublished":false,"slug":"more-space","id":"cjm7oq6by102e0109teit006t","createdAt":"2018-09-18T12:18:44.000Z"},{"updatedAt":"2018-09-13T10:25:01.000Z","_typeName":"StudentLevels","id":"cjm0fat8k1rcc0194hlvrnc9k","createdAt":"2018-09-13T10:20:27.000Z","level":"GK"},{"updatedAt":"2018-09-17T09:56:16.000Z","_typeName":"StudentLevels","id":"cjm1udsys1kwr0197rhinqtbo","createdAt":"2018-09-14T10:10:27.000Z","level":"AK"},{"updatedAt":"2018-09-14T15:57:27.000Z","_typeName":"StudentLevels","id":"cjm26qx7f0gpb0149wcmdhqyj","createdAt":"2018-09-14T15:56:35.000Z","level":"AK2"},{"updatedAt":"2018-09-18T08:51:40.000Z","_typeName":"StudentLevels","id":"cjm7hbvmj0zx70190ncpcppgo","createdAt":"2018-09-18T08:51:40.000Z","level":"GK"},{"updatedAt":"2018-09-18T12:13:50.000Z","_typeName":"StudentLevels","id":"cjm7ojv3u0xvl01683sovu5mz","createdAt":"2018-09-18T12:13:50.000Z","level":"AK"},{"updatedAt":"2018-09-26T12:13:18.000Z","_typeName":"StudentLevels","id":"cjm7p7lvr16o00124npn4s1au","createdAt":"2018-09-18T12:32:17.000Z","level":"BK"},{"updatedAt":"2018-09-26T11:56:27.000Z","_typeName":"StudentLevels","id":"cjmj3e9z70lga0173gc73a5pm","createdAt":"2018-09-26T11:54:51.000Z","level":"BK"},{"updatedAt":"2018-09-27T12:07:33.000Z","_typeName":"StudentLevels","id":"cjmkjagk40ntb0145fvfyfabj","createdAt":"2018-09-27T12:07:33.000Z","level":"GK"},{"updatedAt":"2018-09-13T10:24:56.000Z","_typeName":"StudentNote","text":"Mango","id":"cjm0fbg0c1rrk01771eti6fcb","createdAt":"2018-09-13T10:20:57.000Z"},{"updatedAt":"2018-09-13T10:21:05.000Z","_typeName":"StudentNote","text":"mango","id":"cjm0fbm4v1rnu0194d5y3gwg1","createdAt":"2018-09-13T10:21:05.000Z"},{"updatedAt":"2018-09-16T13:19:28.000Z","_typeName":"StudentNote","text":"Very good student","id":"cjm4w0l0c0zj40198lp3p7q3o","createdAt":"2018-09-16T13:19:28.000Z"},{"updatedAt":"2018-09-16T16:10:04.000Z","_typeName":"StudentNote","text":"Lukas note","id":"cjm523ys20inj01611mjka7ai","createdAt":"2018-09-16T16:10:04.000Z"},{"updatedAt":"2018-09-17T14:26:59.000Z","_typeName":"StudentNote","text":"Genius","id":"cjm6dv8v02ews0117g5jss69d","createdAt":"2018-09-17T14:26:59.000Z"},{"updatedAt":"2018-09-18T12:32:14.000Z","_typeName":"StudentNote","text":"Great designs","id":"cjm7p7j3f174s0135jx9gm2xx","createdAt":"2018-09-18T12:32:14.000Z"},{"updatedAt":"2018-09-27T12:08:18.000Z","_typeName":"StudentNote","text":"oreo is great. ","id":"cjmkjbewx0obc0184ermput13","createdAt":"2018-09-27T12:08:18.000Z"},{"name":"Biologie","updatedAt":"2018-09-18T16:01:47.000Z","_typeName":"Subject","description":"Hier geht es um alles, was lebendig ist. Wo kommt das Leben her? Was kennzeichnet das Leben? Wie leben Pflanzen, Tiere und Menschen und die kleinsten Mikroorganismen? Wie hängt alles miteinander zusammen? Und wie sieht es im Inneren und im Kleinen aus? In Biologie kannst du experimentieren, mikroskopieren und so manche Schönheiten und Wunder des Lebens entdecken.","isPublished":true,"slug":"biologie","id":"cjlw7muv90bz30187m3f0fecv","createdAt":"2018-09-10T11:34:48.000Z","levelDescriptions":"null"},{"name":"Chemie","updatedAt":"2018-09-18T16:59:18.000Z","_typeName":"Subject","description":"Die Chemie ist eine Naturwissenschaft, die sich mit vielen Materialien aus dem Leben beschäftigt. Sie wird manchmal definiert als \"die Lehre von den Stoffen, deren Eigenschaften, Aufbau und Veränderungen.\" Die Chemie versucht also herauszufinden, woraus die Sachen bestehen und wie Menschen Stoffe verändern oder sogar neu erfinden können.","isPublished":true,"slug":"chemie","id":"cjlw7n7j60clp01550qidyuob","createdAt":"2018-09-10T11:35:04.000Z","levelDescriptions":"Im GK kannst du einfache Experimente durchführen und interpretieren, die Sprache der Chemie kennnen lernen und deine Kommunikationskompetenz mit kurzen Vorträgen trainieren.\\\\Im AK kannst du aufwändigere Experimente und Analysen durchführen und/oder dir selber Experimente überlegen, Modelle und Diagramme interpretieren und zur ausgewählten Themen längeren Vorträgen halten oder Aufsätze schreiben."},{"name":"Mathe","updatedAt":"2018-09-24T09:38:12.000Z","_typeName":"Subject","description":"Im Alltag müssen wir immer Dinge zählen, messen, vergleichen und berechnen. In diesem Fach übst du den Umgang mit Zahlen, das Rechnen mit Größen wie Geld, Zeit, Daten aus Umfragen und räumliche Beziehungen. Mathematik ist überall. Ausserdem ist Mathematik Grundlage von Wissensbereichen wie Wirtschaft, Technik, Informatik, Naturwissenschaft. Daher werden in dem Fach auch Strukturen und Muster erarbeitet, die über den unmittelbaren alltäglichen Gebrauch hinaus gehen, aber im wissenschaftlichen Zusammenhang unerlässlich sind.","isPublished":true,"slug":"mathe","id":"cjlw7p1lh0czy0184w73khy60","createdAt":"2018-09-10T11:36:30.000Z","levelDescriptions":"Im Brückenkurs lernt ihr Brüche und Kommazahlen kennen. Ebenso den Umgang mit Zirkel und Geodreieck, um Winkel, Koordinatensysteme, und überhaupt Dinge in 2D und 3D zu zeichnen."},{"name":"Informatik","updatedAt":"2018-09-10T11:50:34.000Z","_typeName":"Subject","description":"Lorem ipsum...","isPublished":true,"slug":"informatik","id":"cjlw7p81y0cr10149ez8ytpcd","createdAt":"2018-09-10T11:36:39.000Z"},{"name":"Ethik","updatedAt":"2018-09-12T15:16:00.000Z","_typeName":"Subject","description":"In diesem Fach stellst du Fragen und suchst mögliche Antworten. Was ist gut? Was darf ich tun? Warum morden Menschen? Woran glauben Menschen und wie leben sie ihre Überzeugungen? Du versuchst dir klar zu machen, was deine Überzeugungen sind und gleichzeitig versuchst du zu verstehen, wie andere über diese Dinge denken. Ein wichtiger Bereich des Faches ist der Austausch mit anderen, ebenso wie der Versuch, das was andere in der Vergangenheit dachten kennen zu lernen und in deine Überlegungen einzubeziehen. Auch das Aushandeln von Regeln und das Übernehmen von Verantwortung für alle, wie wir es an unserer Schule praktizieren, kannst du als ethisches Lernen auffassen. Das Fach gehört in den Bereich Welterkundung.","isPublished":true,"slug":"ethik","id":"cjlw7qels0dgf0155gdwu0hyv","createdAt":"2018-09-10T11:37:33.000Z"},{"name":"Geografie","updatedAt":"2018-09-12T15:14:31.000Z","_typeName":"Subject","description":"Geografie ist in der Alternativschule Berlin Teil des Welterkundungsunterrichts. Es geht um die Vermittlung von Allgemeinwissen über Beschaffenheit  und Entstehung der Erde, sowie um Fähigkeiten, mit traditionellen Darstellungssystemen wie dem Atlas, aber auch den Möglichkeiten des Internets umzugehen. Im Verlauf der Zeit bis zur 10. Klassenstufe verlagert sich der Schwerpunkt immer weiter in Richtung der komplexen Zusammenhänge innerhalb des „Systems Erde“, z.B. die zwischen menschlicher Aktivität und Natur. ","isPublished":true,"slug":"geografie","id":"cjlw7qmz90d0d01088qswkyhs","createdAt":"2018-09-10T11:37:44.000Z"},{"name":"WAT","updatedAt":"2018-09-10T11:50:13.000Z","_typeName":"Subject","description":"Lorem ipsum...","isPublished":true,"slug":"wat","id":"cjlw7rk440ddq0149n4uy1h26","createdAt":"2018-09-10T11:38:27.000Z"},{"name":"Deutsch","updatedAt":"2018-09-12T15:02:36.000Z","_typeName":"Subject","description":"In Deutsch hast du die Möglichkeit deine Lese- und Schreibkompetenz zu steigern, dir grammatisches Fachwissen zu erarbeiten und dich mit den literarischen Stilblüten der Vergangenheit und der Neuzeit (Gedichte, Romane, Kurzgeschichten, Theaterstücke etc.) auseinander zu setzen. Du kannst sowohl Sachtexte verfassen lernen als auch dein kreatives Schreibpotential vertiefen. „Die Grenzen meiner Sprache sind die Grenzen meiner Welt“, hatte der Sprachforscher Wittgenstein gesagt, jedoch innerhalb dieser Grenzen ist das Entdeckungspotential unendlich.","isPublished":true,"slug":"deutsch","id":"cjlw7rv8o0d6t0198q7hiaud1","createdAt":"2018-09-10T11:38:42.000Z"},{"name":"Englisch","updatedAt":"2018-09-24T09:41:06.000Z","_typeName":"Subject","description":"In diesem Fach tauchst du in die englische Sprache ein. Du wirst viel über Familien, Hobbies, Farben, Nummern und andere Themen lernen. Im Mittelpunkt dieser Fremdsprache stehen die Kompetenzen Lesen, Schreiben, Hören und Sprachmittlung. Letztendlich wirst du auch die Möglichkeit haben, ein englischsprachiges Land zu besuchen, um dein Wissen und deine Kompetenzen zu testen. Du wirst deine Fähigkeit zur Analyse von anderen Ländern stärken und so mehr Referenzen bezüglich der englischen Sprache verstehen. Die Möglichkeiten dafür sind unbegrenzt, von Scrap books, über Kochkurse, bis hin zu Film- und Musikanalysen.","isPublished":true,"slug":"englisch","id":"cjlw7s40u0dgc0108gyfi76w0","createdAt":"2018-09-10T11:38:53.000Z","levelDescriptions":"Im Brückenkurs lernt ihr erste Sätze auf Englisch zu sprechen und zu schreiben. Euer Wortschatz wird sich erweitern und ihr könnt ein einfaches Gespräch in Englisch führen.//Im Grundkurs Englisch lernt ihr erste kürzere Texte zu verfassen. Im Mittelpunkt stehen Alltagsthemen, zu denen ihr auch mündlich viel erzählen werdet. Wie kannst du beispielsweise in einem Text nach Informationen suchen?// Im Aufbaukurs I fangt ihr an, authentische (Hör-)Texte auf Englisch zu analysieren. Das Argumentieren werdet ihr vertiefen und eure eigene Meinung auf Englisch ausdrücken können. Im Bereich des Schreibens, werdet ihr lernen, wie ihr längere Texte auf Englisch formulieren könnt und Informationen aus einem deutschen Text zusammenhängend ins Englische zu übertragen.//Authentische englische (Hör-)Texte stellen die Basis im Aufbaukurs II dar. Ihr werdet lernen, ein spontanes Gespräch angemessen auf Englisch zu führen, eure Meinung mit Argumenten zu untermauern und in Gruppen zu diskutieren. Wie schreiben wir längere Briefe? Wie übertragen wir längere Informationen von Deutsch ins Englische? All diese Fragen werdet ihr im AK II beantworten."},{"name":"Spanisch","updatedAt":"2018-09-12T15:01:33.000Z","_typeName":"Subject","description":"In Spanisch kannst du dir im Laufe der Jahre immer mehr Wortfelder (Zahlen, Farben, Familie, Tiere, Schule, Freizeit etc.) erschließen sowie dir die Struktur der zweiten Fremdsprache (Zeitformen, Satzbau etc:) erarbeiten. Du wirst viel sprechen können, hören lernen, lesen und schreiben üben und dadurch einfache bis komplexere Alltagssituationen verstehen und händeln lernen. *\\n\\n*Gib der 2. Fremdsprache die Chance, dass sie dir allmählich vertrauter werden kann. Sie ist weniger präsent in deinem Alltag als das Englische und bedarf von daher deiner Geduld und Übung. Wenn du hier vier Jahre lang eine 2. Fremdsprache belegst, musst du in der Oberstufe für das Abitur keine weitere Fremdsprache neben dem Englischen bestreiten.","isPublished":true,"slug":"spanisch","id":"cjlw7t0r80dsd0187mo36xddi","createdAt":"2018-09-10T11:39:35.000Z"},{"name":"Musik","updatedAt":"2018-09-10T11:49:50.000Z","_typeName":"Subject","description":"Lorem ipsum...","isPublished":true,"slug":"musik","id":"cjlw7ta9p0dvn0187dq3jt8kt","createdAt":"2018-09-10T11:39:48.000Z"},{"name":"Kunst","updatedAt":"2018-09-18T16:26:14.000Z","_typeName":"Subject","description":"Im Kunstkurs entwickeln die Schüler*innen ästhetische und künstlerische Handlungskompetenzen der Wahrnehmung, des Gestaltens sowie des Reflektierens durch die Auseinandersetzung mit vielfältigen Materialien, Techniken/Verfahrensweisen, Kunstwerken und ihren eigenen Erfahrungen. In individuellen wie in gemeinsamen Gruppenprozessen werden Ideen künstlerisch erforscht, umgesetzt und die künstlerische Entwicklung reflektiert.","isPublished":true,"slug":"kunst","id":"cjlw7tg6f0eaf01012u391w2q","createdAt":"2018-09-10T11:39:55.000Z","levelDescriptions":"Im Brückenkurs werden verschiedene Materialien, Werkzeuge und Techniken erkundet und eigene Gestaltungsschritte beschrieben.\\\\Im Grundkurs werden verschiedene Materialien, Werkzeuge und Techniken erkundet und in ihren vielfältigen Möglichkeiten benannt sowie eine Auswahl an Materialien und Werkzeugen zur Realisierung eigener Gestaltungsabsichten getroffen und beschrieben.\\\\Im Aufbaukurs werden Materialien als Gestaltungsanregung genutzt, Materialien miteinander kombiniert und neue Deutungsmöglichkeiten geschaffen sowie gestalterische Entscheidungen und Ergebnisse reflektiert."},{"name":"Sport","updatedAt":"2018-09-12T16:05:13.000Z","_typeName":"Subject","description":"In Sport geht es vor allem um Bewegung und Spaß haben. Neben Teamgeist und Spielregeln stehen auch Ausdauer und Kraft im Mittelpunkt dieses Faches. Du wirst die Chance haben, neue Sportarten zu entdecken, bemerken, wie schnell du dich verbessern kannst, wenn du Disziplin zeigst und dich vor allem viel bewegen. ","isPublished":true,"slug":"sport","id":"cjlw7tlgx0e320150kc8ohomn","createdAt":"2018-09-10T11:40:02.000Z"},{"name":"Theater","updatedAt":"2018-09-12T15:07:20.000Z","_typeName":"Subject","description":"Theater ist, wenn du auf der Bühne jemand ganz anderes sein kannst. Maske, Kostüm, Dekorationen helfen dir. Aber am meisten helfen dir Körper, Bewegung, Sprache, Gruppe. In diesem Fach übst du, dich auf der Bühne auszudrücken, alleine und gemeinsam mit anderen. Dabei erzählst du Geschichten oder probierst ganz andere, unbekannte Lebensformen aus. Auch zur Vermittlung von Ideen kannst du die Bühne nutzen.","isPublished":true,"slug":"theater","id":"cjlw7tt7k0dx20140dpgjzqy8","createdAt":"2018-09-10T11:40:13.000Z"},{"name":"Space Station AGs","updatedAt":"2018-09-14T10:29:35.000Z","_typeName":"Subject","description":"Lorem ipsum...","isPublished":true,"slug":"space-station","id":"cjlw89ql20imy0149cdcs3ze0","createdAt":"2018-09-10T11:52:36.000Z"},{"name":"Physik","updatedAt":"2018-09-18T16:59:09.000Z","_typeName":"Subject","description":"Die Physik beschäftigt sich mit alltäglichen Erscheinungen in unserer Umwelt und ermöglicht die Erklärung und Voraussage vieler Phänomene in der Natur. Zu Fragen wie: Wie entsteht ein Regenbogen? Woher kommen Wärme und Licht des Feuers? Warum schwimmt überhaupt ein viele Tonnen schwerer Eisberg? Wie kommt das Echo zustande?... versucht die Physik eine Erklärung zu geben und Gesetze zu formulieren.","isPublished":true,"slug":"physik","id":"cjlxowo200qlp0159kqv6rx7x","createdAt":"2018-09-11T12:26:05.000Z","levelDescriptions":"Im GK kannst du einfache Experimente durchführen und interpretieren, einige wichtige Begriffe in der Physik kennen lernen und deine Kommunikationskompetenz mit kurzen Vorträgen trainieren.\\\\Im AK kannst du aufwändigere Experimente durchführen und/oder dir selber Experimente überlegen, Modelle, Diagramme und Tabellen interpretieren und zur ausgewählten Themen längeren Vorträgen halten oder Aufsätze schreiben."},{"name":"Geschichte / Sozialkunde","updatedAt":"2018-09-18T13:17:28.000Z","_typeName":"Subject","description":"Auf diesem Planet lernst du viel über die Vergangenheit, die Gegenwart und die Zukunft. Es geht nicht um bloße Fakten, sondern eher darum, warum wir heute so leben, wie wir leben. Welche Verbindungen gibt es von der Vergangenheit mit der Gegenwart. Es geht um die Analyse von historischen Quellen und die Frage, warum Menschen in der Vergangenheit so gehandelt haben und nicht anders. Dazu gehört auch eine gut geübte Methodenkompetenz: Wie recherchiere ich im Internet? Wie halte ich eine Präsentation? Welchen Quellen kann ich glauben? Über all dem stehen eure Fragen! Fragt viel und seid kritisch!","isPublished":true,"slug":"geschichte-sozialkunde","id":"cjlxp8mrm0u570159adcx5tfp","createdAt":"2018-09-11T12:35:23.000Z"},{"name":"Französisch","updatedAt":"2018-09-12T15:02:21.000Z","_typeName":"Subject","description":"In Französisch kannst du dir im Laufe der Jahre immer mehr Wortfelder (Zahlen, Farben, Familie, Tiere, Schule, Freizeit etc.) erschließen sowie dir die Struktur der zweiten Fremdsprache (Zeitformen, Satzbau etc:) erarbeiten. Du wirst viel sprechen können, hören lernen, lesen und schreiben üben und dadurch einfache bis komplexere Alltagssituationen verstehen und händeln lernen. *\\n\\n*Gib der 2. Fremdsprache die Chance, dass sie dir allmählich vertrauter werden kann. Sie ist weniger präsent in deinem Alltag als das Englische und bedarf von daher deiner Geduld und Übung. Wenn du hier vier Jahre lang eine 2. Fremdsprache belegst, musst du in der Oberstufe für das Abitur keine weitere Fremdsprache neben dem Englischen bestreiten.","isPublished":true,"slug":"franzoesisch","id":"cjlxpkg740xmb010292c32rx9","createdAt":"2018-09-11T12:44:35.000Z"},{"_typeName":"TutorLevels","id":"cjlxrnjg6023l0199oseqlayf","createdAt":"2018-09-11T13:42:58.000Z","updatedAt":"2018-09-11T13:43:00.000Z"},{"_typeName":"TutorLevels","id":"cjlxskoxi09yc0191n80mjmce","createdAt":"2018-09-11T14:08:45.000Z","updatedAt":"2018-09-11T14:08:50.000Z"},{"_typeName":"TutorLevels","id":"cjlxsp19p0bcn0124bfoyq3xo","createdAt":"2018-09-11T14:12:07.000Z","updatedAt":"2018-09-11T14:12:07.000Z"},{"_typeName":"TutorLevels","id":"cjlzbilzx0idc0113cpkheq32","createdAt":"2018-09-12T15:46:47.000Z","updatedAt":"2018-09-27T12:23:13.000Z"},{"_typeName":"TutorLevels","id":"cjm7k9kfk1szr0177jmjhfsd3","createdAt":"2018-09-18T10:13:51.000Z","updatedAt":"2018-09-18T10:44:46.000Z"},{"_typeName":"TutorLevels","id":"cjm7k9mft1sya01558mympqg7","createdAt":"2018-09-18T10:13:53.000Z","updatedAt":"2018-09-18T10:13:53.000Z"},{"_typeName":"TutorLevels","id":"cjm7m62r0041101408zgccv4k","createdAt":"2018-09-18T11:07:08.000Z","updatedAt":"2018-09-18T11:07:08.000Z"},{"_typeName":"TutorLevels","id":"cjm7m63u304t90109h65avzbn","createdAt":"2018-09-18T11:07:09.000Z","updatedAt":"2018-09-18T11:07:09.000Z"},{"_typeName":"TutorLevels","id":"cjm7xmb650wd10147o99gsr18","createdAt":"2018-09-18T16:27:40.000Z","updatedAt":"2018-09-18T16:27:40.000Z"},{"_typeName":"TutorLevels","id":"cjmj35axy0inz0171t71k1z3p","createdAt":"2018-09-26T11:47:54.000Z","updatedAt":"2018-09-26T11:47:54.000Z"},{"_typeName":"TutorLevels","id":"cjmkjv14s0uj101600mvkpapq","createdAt":"2018-09-27T12:23:33.000Z","updatedAt":"2018-09-27T12:23:39.000Z"},{"_typeName":"TutorLevels","id":"cjmkjv40j0y9d0128u0t27cpp","createdAt":"2018-09-27T12:23:36.000Z","updatedAt":"2018-09-27T12:23:36.000Z"},{"updatedAt":"2018-09-26T12:19:02.000Z","avatar":1,"_typeName":"User","email":"olleholmberg@gmail.com","username":"olle","avatarColor":"blue","firstname":"Olle","surname":"Holmberg","id":"cjlw6y9ez05ys0133ssmfsu8a","createdAt":"2018-09-10T11:15:40.000Z","prefect":false,"userType":"Admin","password":"$2a$10$J5/Y5jHzHMfDf2zdEfRL9.9NHX0DHltIGR6TGPLLEGywKtrnnVAyG"},{"updatedAt":"2018-09-26T12:19:02.000Z","avatar":1,"_typeName":"User","email":"amar@alternativschule-berlin.de","username":"Amar","avatarColor":"blue","firstname":"Amar","surname":"Alternativschule","id":"cjlw72r2m06ow0140pgjamrk6","createdAt":"2018-09-10T11:19:10.000Z","prefect":false,"userType":"Admin","password":"$2a$10$JAoGbGDFnkzyKCdqNLDKg.JSkkfwb/UBWCWERvKgDGeoIJ5RKg9LW"},{"updatedAt":"2018-09-30T16:49:45.000Z","avatar":10,"_typeName":"User","email":"student@alternativschule-berlin.de","username":"student","avatarColor":"pastelpink","firstname":"Student","surname":"Alternativschule","id":"cjlw738yw06z201083d82md84","createdAt":"2018-09-10T11:19:33.000Z","prefect":false,"userType":"Schueler","password":"$2a$10$PSjyy8nT.7O2l9Mj.ZJ0o.pKKJIrNBcUZn.mBAnpGOqJY/5mnXaYi"},{"updatedAt":"2018-09-26T12:19:02.000Z","avatar":1,"_typeName":"User","email":"tmatsiridis@heldisch.com","username":"Theo","avatarColor":"blue","firstname":"Theo","surname":"Matsiridis","id":"cjlzbfbn60go60152id5ssofb","createdAt":"2018-09-12T15:44:13.000Z","prefect":false,"userType":"Admin","password":"$2a$10$NbhLM7mnhfSp/163X.psHegK5ZFqpnAEfM4U9Kx6JgXWN5E1oBBYO"},{"updatedAt":"2018-09-26T12:19:02.000Z","avatar":1,"_typeName":"User","email":"lpietruschka@heldisch.com","username":"Lukas","avatarColor":"blue","firstname":"Lukas","surname":"Pietruschka","id":"cjlzbm9xr0jie0199og3ai226","createdAt":"2018-09-12T15:49:38.000Z","prefect":false,"userType":"Schueler","password":"$2a$10$THkyFFBQvsTUbqCXP5pTVutCDxv1mpXJwkxEMYHRt46TVKXymF492"},{"updatedAt":"2018-09-26T12:19:02.000Z","avatar":1,"_typeName":"User","email":"t@t.com","username":"teachertest","avatarColor":"blue","firstname":"Teacher","surname":"Test","id":"cjm7kfgng1tkt0190m1p2joz3","createdAt":"2018-09-18T10:18:26.000Z","prefect":false,"userType":"Lehrer","password":"$2a$10$gAKaa6fQGdMgCJhTqS8Q.ec6BeqKdPKJDa26l/OpQhi5lgxe59C8G"},{"updatedAt":"2018-09-26T12:19:02.000Z","avatar":3,"_typeName":"User","email":"triemann@heldisch.com","username":"Tom R.","avatarColor":"pastelgreen","firstname":"Tom","surname":"Riemann","id":"cjm7luytg01eo0109vowfbg0e","avatarImg":"https://res.cloudinary.com/nilsolleoskar/image/upload/c_fill,g_face,h_600,q_80,w_600/c_fill,g_face,h_600,q_80,w_600/c_fill,g_face,h_600,q_80,w_600/c_fill,g_face,h_600,q_80,w_600/v1537268735/Alternativschule/lue6dtkzclj5urblbojg.png","createdAt":"2018-09-18T10:58:29.000Z","prefect":false,"userType":"Schueler","password":"$2a$10$RelPqlWEm5C19vcRQV0EYe.gcyrRkpjSoG9dyNNWxW7Eb8fjt0QT6"},{"updatedAt":"2018-09-26T12:19:02.000Z","avatar":7,"_typeName":"User","email":"amarandcharly@test.de","username":"Amar and Charly","avatarColor":"pastelpink","firstname":"Amar and Charly","surname":"Test","id":"cjm7nd84e0j1m016870qzpyxi","createdAt":"2018-09-18T11:40:40.000Z","prefect":false,"userType":"Schueler","password":"$2a$10$7e65kTc5QqqttQQKf3avBOq7SURkEBDhWNljE/nfJSuZWylEK8kEW"},{"updatedAt":"2018-09-27T11:51:16.000Z","avatar":10,"_typeName":"User","email":"oreowithmilk@gmail.com","username":"OriginalOreos ","avatarColor":"blue","firstname":"Oreo ","surname":"Cookie","id":"cjmj8jorg2i130149ywdcef72","createdAt":"2018-09-26T14:19:02.000Z","prefect":false,"userType":"Schueler","password":"$2a$10$Q.fepeSL8jLQ8aW0TCvneuZ8XZSjpeDmEyvbWbiZMnzLYu//243Bq"},{"updatedAt":"2018-09-27T14:05:21.000Z","avatar":1,"_typeName":"User","email":"raul@alternativschule-berlin.de","username":"Raul","avatarColor":"blue","firstname":"Raul","surname":"R","id":"cjmknhy4c22oa016005k8hdo5","createdAt":"2018-09-27T14:05:21.000Z","prefect":false,"userType":"Lehrer","password":"$2a$10$cVLdv0UphF2DRbZYIwWpMOhCYiLZh.533O047C31AtP2wHOW1WFlK"},{"updatedAt":"2018-09-27T14:05:44.000Z","avatar":1,"_typeName":"User","email":"diego@alternativschule-berlin.de","username":"Diego","avatarColor":"blue","firstname":"Diego","surname":"didac","id":"cjmknigel25p50162f34sh8pw","createdAt":"2018-09-27T14:05:44.000Z","prefect":false,"userType":"Lehrer","password":"$2a$10$Y898FUYmMXmAR.6H3eKVperWluaJH/tcVfIY0W1F.bnznKwhgiPqm"},{"updatedAt":"2018-09-27T14:06:32.000Z","avatar":1,"_typeName":"User","email":"nanni@alternativschule-berlin.de","username":"Nanni","avatarColor":"blue","firstname":"Nanni","surname":"Sömmer","id":"cjmknjh9825hp01682zeg1efm","createdAt":"2018-09-27T14:06:32.000Z","prefect":false,"userType":"Lehrer","password":"$2a$10$Bdr9qRom3U7JXcraNTO0S.aMzbbwA7fEBUm4JmsFfMAmqlXvpuCSu"},{"updatedAt":"2018-09-27T14:07:41.000Z","avatar":1,"_typeName":"User","email":"uta@alternativschule-berlin.de","username":"Uta","avatarColor":"blue","firstname":"Uta","surname":"Kiunke","id":"cjmknkybc26e50162g3i8e8lj","createdAt":"2018-09-27T14:07:41.000Z","prefect":false,"userType":"Lehrer","password":"$2a$10$AcbivukWnLuF2d/zILB7vu5sW5TnNpHpGIF/1vIBwuWNf.OPdd3Di"},{"updatedAt":"2018-09-27T14:08:54.000Z","avatar":1,"_typeName":"User","email":"charly*@alternativschule-berlin.de","username":"Charly*","avatarColor":"blue","firstname":"Charly","surname":"J","id":"cjmknmiqe26cn0168do43ofqn","createdAt":"2018-09-27T14:08:54.000Z","prefect":false,"userType":"Lehrer","password":"$2a$10$V.8QYwvZXA8A7jdvW7hO7u7r1E0bpfSdMOhrwMm8vaExYNQpOHNk."},{"updatedAt":"2018-09-27T14:10:54.000Z","avatar":1,"_typeName":"User","email":"sientje@alternativschule-berlin.de","username":"Sientje","avatarColor":"blue","firstname":"Sientje","surname":"Arzt","id":"cjmknp2wz297q0128kjr3ecj5","createdAt":"2018-09-27T14:10:54.000Z","prefect":false,"userType":"Lehrer","password":"$2a$10$SWoHJyNRGFVLeMvRsqp4lekgBWpM0thZuLDN9Ed8k9Mx0fwItldry"},{"updatedAt":"2018-09-27T14:11:59.000Z","avatar":1,"_typeName":"User","email":"christoph@alternativschule-berlin.de","username":"Christoph","avatarColor":"blue","firstname":"Christoph","surname":"C","id":"cjmknqhle25x80130xgdl87ce","createdAt":"2018-09-27T14:11:59.000Z","prefect":false,"userType":"Lehrer","password":"$2a$10$17VwLs8v4cQm0oYjiLazmeIUB9baZF05gBu0ugb/Uw9FOsQmq5pUG"},{"updatedAt":"2018-09-27T14:13:38.000Z","avatar":1,"_typeName":"User","email":"paul@alternativschule-berlin.de","username":"Paul","avatarColor":"blue","firstname":"Paul","surname":"Baiersdorf ","id":"cjmknslpr28o001858wunybl6","createdAt":"2018-09-27T14:13:38.000Z","prefect":false,"userType":"Lehrer","password":"$2a$10$nwoflOumX0Ng0bUEa3.KkeQHAwit/SShA1JNq0f6remVPdrnfIupW"},{"updatedAt":"2018-09-27T14:14:58.000Z","avatar":1,"_typeName":"User","email":"rekha@alternativschule-berlin.de","username":"Rekha","avatarColor":"blue","firstname":"Rekha","surname":"R","id":"cjmknubpz282x0184w0ukf537","createdAt":"2018-09-27T14:14:58.000Z","prefect":false,"userType":"Lehrer","password":"$2a$10$CHRM051kIM06HlVzQGVLCeV8Ndf/AHqfJTYGf2BA6Lq.saoOJ1aiS"},{"updatedAt":"2018-09-27T14:16:45.000Z","avatar":1,"_typeName":"User","email":"oreo@oreo.com","username":"oreocookies1","avatarColor":"blue","firstname":"Oreo","surname":"Cookies1","id":"cjmknwm4q29vl0171vv4vcav7","createdAt":"2018-09-27T14:16:45.000Z","prefect":false,"userType":"Schueler","password":"$2a$10$qs1eDlW3mGhpAoMFJUlPK.snih61nAAb0SQo3SJy84fXEsSsdSLUW"},{"updatedAt":"2018-09-27T14:17:30.000Z","avatar":1,"_typeName":"User","email":"oreo@oreo1.com","username":"oreocookies2","avatarColor":"blue","firstname":"Oreo","surname":"Cookies2","id":"cjmknxkxk2a0o0185753vlk37","createdAt":"2018-09-27T14:17:30.000Z","prefect":false,"userType":"Schueler","password":"$2a$10$tdZkYOIdTByInwoLT1SufupJuWEm.r/Vwd8ESoRam.yV3zfj1QLtK"},{"updatedAt":"2018-09-27T14:18:35.000Z","avatar":1,"_typeName":"User","email":"oreo@oreo2.com","username":"oreocookies3","avatarColor":"blue","firstname":"Oreo","surname":"Cookies3","id":"cjmknyynn29ve0130e6f7c26i","createdAt":"2018-09-27T14:18:35.000Z","prefect":false,"userType":"Schueler","password":"$2a$10$F32OXgvx0CnkD9WFoWH/KuXjZ.gm.UntASiWVXRr9UHbitfhHI63i"},{"updatedAt":"2018-09-27T14:20:32.000Z","avatar":1,"_typeName":"User","email":"oreo@oreo3.com","username":"oreocookies4","avatarColor":"blue","firstname":"Oreo","surname":"Cookies4","id":"cjmko1gvl27o1016061ln5met","createdAt":"2018-09-27T14:20:32.000Z","prefect":false,"userType":"Schueler","password":"$2a$10$u40STLTH2FaGfiBFkQI98ui.02XR5Kcxgcw6xxZ7GbylAUfK.Fhxi"},{"updatedAt":"2018-09-27T14:22:12.000Z","avatar":1,"_typeName":"User","email":"oreo@oreo4.com","username":"oreocookies5","avatarColor":"blue","firstname":"Oreo","surname":"Cookies5","id":"cjmko3mr8283j0160buixp6tl","createdAt":"2018-09-27T14:22:12.000Z","prefect":false,"userType":"Schueler","password":"$2a$10$078z9PPvH5X9W0cQpXbTfuMwhl6oGCXjWRMxKeSKpch.bo1wwSWtS"},{"updatedAt":"2018-09-27T14:23:19.000Z","avatar":1,"_typeName":"User","email":"oreo@oreo5.com","username":"oreocookies6","avatarColor":"blue","firstname":"Oreo","surname":"Cookies6","id":"cjmko51px29l701196l4lsovy","createdAt":"2018-09-27T14:23:19.000Z","prefect":false,"userType":"Schueler","password":"$2a$10$Asc4QyHSUYZ37z.mkR1tgetakc8ZUWuQcwcfWPfvzz9wVI.7qdPR2"},{"updatedAt":"2018-09-27T14:24:10.000Z","avatar":1,"_typeName":"User","email":"oreo@oreo6.com","username":"oreocookies7","avatarColor":"blue","firstname":"Oreo","surname":"Cookies7","id":"cjmko658f29uz0119evanoemz","createdAt":"2018-09-27T14:24:10.000Z","prefect":false,"userType":"Schueler","password":"$2a$10$mFp6GcFRaCpNo6gugGkPOOIo0JOcHpW3saKVqezs40uvguVl34z/u"},{"updatedAt":"2018-10-01T08:30:28.000Z","avatar":1,"_typeName":"User","email":"test@teacher.com","username":"testteacher","avatarColor":"blue","firstname":"Test","surname":"Teacher Account","id":"cjmq1aov10kaf014292s8izet","createdAt":"2018-10-01T08:30:28.000Z","prefect":false,"userType":"Lehrer","password":"$2a$10$NzWdv/sZzeC10Y/JJVPykujTK353occ3/7VoKIRtMElql0Bm1RmTG"}]}