{"valueType":"relations","values":[[{"_typeName":"Subject","id":"cjlw7muv90bz30187m3f0fecv","fieldName":"area"},{"_typeName":"Area","id":"cjlw7aoy7090j01843qvtgjwv","fieldName":"subjects"}],[{"_typeName":"Subject","id":"cjlw7n7j60clp01550qidyuob","fieldName":"area"},{"_typeName":"Area","id":"cjlw7aoy7090j01843qvtgjwv","fieldName":"subjects"}],[{"_typeName":"Subject","id":"cjlw7p1lh0czy0184w73khy60","fieldName":"area"},{"_typeName":"Area","id":"cjlw7aoy7090j01843qvtgjwv","fieldName":"subjects"}],[{"_typeName":"Subject","id":"cjlw7p81y0cr10149ez8ytpcd","fieldName":"area"},{"_typeName":"Area","id":"cjlw7aoy7090j01843qvtgjwv","fieldName":"subjects"}],[{"_typeName":"Subject","id":"cjlw7qels0dgf0155gdwu0hyv","fieldName":"area"},{"_typeName":"Area","id":"cjlw7aysa08mb0122ck6tlnh4","fieldName":"subjects"}],[{"_typeName":"Subject","id":"cjlw7qmz90d0d01088qswkyhs","fieldName":"area"},{"_typeName":"Area","id":"cjlw7aysa08mb0122ck6tlnh4","fieldName":"subjects"}],[{"_typeName":"Subject","id":"cjlw7rk440ddq0149n4uy1h26","fieldName":"area"},{"_typeName":"Area","id":"cjlw7aysa08mb0122ck6tlnh4","fieldName":"subjects"}],[{"_typeName":"Subject","id":"cjlw7rv8o0d6t0198q7hiaud1","fieldName":"area"},{"_typeName":"Area","id":"cjlw7bwin08wx015857ult9ih","fieldName":"subjects"}],[{"_typeName":"Subject","id":"cjlw7s40u0dgc0108gyfi76w0","fieldName":"area"},{"_typeName":"Area","id":"cjlw7bwin08wx015857ult9ih","fieldName":"subjects"}],[{"_typeName":"Subject","id":"cjlw7t0r80dsd0187mo36xddi","fieldName":"area"},{"_typeName":"Area","id":"cjlw7bwin08wx015857ult9ih","fieldName":"subjects"}],[{"_typeName":"Subject","id":"cjlw7ta9p0dvn0187dq3jt8kt","fieldName":"area"},{"_typeName":"Area","id":"cjlw7c79m09fu01557fzf16m4","fieldName":"subjects"}],[{"_typeName":"Subject","id":"cjlw7tg6f0eaf01012u391w2q","fieldName":"area"},{"_typeName":"Area","id":"cjlw7c79m09fu01557fzf16m4","fieldName":"subjects"}],[{"_typeName":"Subject","id":"cjlw7tlgx0e320150kc8ohomn","fieldName":"area"},{"_typeName":"Area","id":"cjlw7c79m09fu01557fzf16m4","fieldName":"subjects"}],[{"_typeName":"Subject","id":"cjlw7tt7k0dx20140dpgjzqy8","fieldName":"area"},{"_typeName":"Area","id":"cjlw7c79m09fu01557fzf16m4","fieldName":"subjects"}],[{"_typeName":"Subject","id":"cjlw89ql20imy0149cdcs3ze0","fieldName":"area"},{"_typeName":"Area","id":"cjlw88xwq0ihy01986jjplx1o","fieldName":"subjects"}],[{"_typeName":"Subject","id":"cjlxowo200qlp0159kqv6rx7x","fieldName":"area"},{"_typeName":"Area","id":"cjlw7aoy7090j01843qvtgjwv","fieldName":"subjects"}],[{"_typeName":"Subject","id":"cjlxp8mrm0u570159adcx5tfp","fieldName":"area"},{"_typeName":"Area","id":"cjlw7aysa08mb0122ck6tlnh4","fieldName":"subjects"}],[{"_typeName":"Subject","id":"cjlxpkg740xmb010292c32rx9","fieldName":"area"},{"_typeName":"Area","id":"cjlw7bwin08wx015857ult9ih","fieldName":"subjects"}],[{"_typeName":"Competence","id":"cjlxoo8we0npe0158m5d90i3o","fieldName":"subject"},{"_typeName":"Subject","id":"cjlw7muv90bz30187m3f0fecv","fieldName":"competences"}],[{"_typeName":"Competence","id":"cjlxoonj20nsd0158dpllzq44","fieldName":"subject"},{"_typeName":"Subject","id":"cjlw7muv90bz30187m3f0fecv","fieldName":"competences"}],[{"_typeName":"Competence","id":"cjlxoovnu0p8p0114txvrcy7j","fieldName":"subject"},{"_typeName":"Subject","id":"cjlw7muv90bz30187m3f0fecv","fieldName":"competences"}],[{"_typeName":"Competence","id":"cjlxop3ef0ns101877wgyyaqu","fieldName":"subject"},{"_typeName":"Subject","id":"cjlw7muv90bz30187m3f0fecv","fieldName":"competences"}],[{"_typeName":"Competence","id":"cjlxopmja0ov90102522cx1if","fieldName":"subject"},{"_typeName":"Subject","id":"cjlw7n7j60clp01550qidyuob","fieldName":"competences"}],[{"_typeName":"Competence","id":"cjlxoptla0o6t0136fd09z2xi","fieldName":"subject"},{"_typeName":"Subject","id":"cjlw7n7j60clp01550qidyuob","fieldName":"competences"}],[{"_typeName":"Competence","id":"cjlxopxr40oe30140ycchrc4o","fieldName":"subject"},{"_typeName":"Subject","id":"cjlw7n7j60clp01550qidyuob","fieldName":"competences"}],[{"_typeName":"Competence","id":"cjlxoro1r0oj70187lkaxg2qu","fieldName":"subject"},{"_typeName":"Subject","id":"cjlw7n7j60clp01550qidyuob","fieldName":"competences"}],[{"_typeName":"Competence","id":"cjlxotwgt0pfo0192h8xbfz89","fieldName":"subject"},{"_typeName":"Subject","id":"cjlxowo200qlp0159kqv6rx7x","fieldName":"competences"}],[{"_typeName":"Competence","id":"cjlxotqbx0p7q0190t1qf3n4g","fieldName":"subject"},{"_typeName":"Subject","id":"cjlxowo200qlp0159kqv6rx7x","fieldName":"competences"}],[{"_typeName":"Competence","id":"cjlxotjcd0pj50136nrslz8bh","fieldName":"subject"},{"_typeName":"Subject","id":"cjlxowo200qlp0159kqv6rx7x","fieldName":"competences"}],[{"_typeName":"Competence","id":"cjlxotf5k0ps30159vftbohl1","fieldName":"subject"},{"_typeName":"Subject","id":"cjlxowo200qlp0159kqv6rx7x","fieldName":"competences"}],[{"_typeName":"Competence","id":"cjlxp0z3q0reb013624ibviwy","fieldName":"subject"},{"_typeName":"Subject","id":"cjlw7p1lh0czy0184w73khy60","fieldName":"competences"}],[{"_typeName":"Competence","id":"cjlxp16t80rb50140dfw6xmo8","fieldName":"subject"},{"_typeName":"Subject","id":"cjlw7p1lh0czy0184w73khy60","fieldName":"competences"}],[{"_typeName":"Competence","id":"cjlxp1jx20r0d0136hzrpgss1","fieldName":"subject"},{"_typeName":"Subject","id":"cjlw7p1lh0czy0184w73khy60","fieldName":"competences"}],[{"_typeName":"Competence","id":"cjlxp1p000rlh0136bukgvstr","fieldName":"subject"},{"_typeName":"Subject","id":"cjlw7p1lh0czy0184w73khy60","fieldName":"competences"}],[{"_typeName":"Competence","id":"cjlxp59r00tib0195csmy4tei","fieldName":"subject"},{"_typeName":"Subject","id":"cjlw7p81y0cr10149ez8ytpcd","fieldName":"competences"}],[{"_typeName":"Competence","id":"cjlxp5job0svq0158hdge7vba","fieldName":"subject"},{"_typeName":"Subject","id":"cjlw7p81y0cr10149ez8ytpcd","fieldName":"competences"}],[{"_typeName":"Competence","id":"cjlxp5ra20u2d0114pbohc61m","fieldName":"subject"},{"_typeName":"Subject","id":"cjlw7p81y0cr10149ez8ytpcd","fieldName":"competences"}],[{"_typeName":"Competence","id":"cjlxp5wev0tfw0159ty8rami9","fieldName":"subject"},{"_typeName":"Subject","id":"cjlw7p81y0cr10149ez8ytpcd","fieldName":"competences"}],[{"_typeName":"Competence","id":"cjlxp62uy0ta10163oyyl5l9l","fieldName":"subject"},{"_typeName":"Subject","id":"cjlw7p81y0cr10149ez8ytpcd","fieldName":"competences"}],[{"_typeName":"Competence","id":"cjlxp8y700tqy0166ok8nytzu","fieldName":"subject"},{"_typeName":"Subject","id":"cjlxp8mrm0u570159adcx5tfp","fieldName":"competences"}],[{"_typeName":"Competence","id":"cjlxp92qt0u2v01992upydj8w","fieldName":"subject"},{"_typeName":"Subject","id":"cjlxp8mrm0u570159adcx5tfp","fieldName":"competences"}],[{"_typeName":"Competence","id":"cjlxp97230taq0136w24cg39k","fieldName":"subject"},{"_typeName":"Subject","id":"cjlxp8mrm0u570159adcx5tfp","fieldName":"competences"}],[{"_typeName":"Competence","id":"cjlxp9b1o0ukc0195v09vyg0r","fieldName":"subject"},{"_typeName":"Subject","id":"cjlxp8mrm0u570159adcx5tfp","fieldName":"competences"}],[{"_typeName":"Competence","id":"cjlxp9eh30tyt0140xmju8lbc","fieldName":"subject"},{"_typeName":"Subject","id":"cjlxp8mrm0u570159adcx5tfp","fieldName":"competences"}],[{"_typeName":"Competence","id":"cjlxpa1j70u250166i5rlyq47","fieldName":"subject"},{"_typeName":"Subject","id":"cjlw7qels0dgf0155gdwu0hyv","fieldName":"competences"}],[{"_typeName":"Competence","id":"cjlxpa5ha0va3011473lx9vje","fieldName":"subject"},{"_typeName":"Subject","id":"cjlw7qels0dgf0155gdwu0hyv","fieldName":"competences"}],[{"_typeName":"Competence","id":"cjlxpaa8k0ujv0102im3gunux","fieldName":"subject"},{"_typeName":"Subject","id":"cjlw7qels0dgf0155gdwu0hyv","fieldName":"competences"}],[{"_typeName":"Competence","id":"cjlxpb7ni0ud50127m3qo0y9c","fieldName":"subject"},{"_typeName":"Subject","id":"cjlw7qmz90d0d01088qswkyhs","fieldName":"competences"}],[{"_typeName":"Competence","id":"cjlxpbe5q0unk0163f5061aq9","fieldName":"subject"},{"_typeName":"Subject","id":"cjlw7qmz90d0d01088qswkyhs","fieldName":"competences"}],[{"_typeName":"Competence","id":"cjlxpc9sm0v9d0195gyqkmdke","fieldName":"subject"},{"_typeName":"Subject","id":"cjlw7qmz90d0d01088qswkyhs","fieldName":"competences"}],[{"_typeName":"Competence","id":"cjlxpdo2v0veo0159fjne77sx","fieldName":"subject"},{"_typeName":"Subject","id":"cjlw7qmz90d0d01088qswkyhs","fieldName":"competences"}],[{"_typeName":"Competence","id":"cjlxpdsbv0up00190761rnfwc","fieldName":"subject"},{"_typeName":"Subject","id":"cjlw7qmz90d0d01088qswkyhs","fieldName":"competences"}],[{"_typeName":"Competence","id":"cjlxpevw90veb0140x0x9t7d0","fieldName":"subject"},{"_typeName":"Subject","id":"cjlw7rk440ddq0149n4uy1h26","fieldName":"competences"}],[{"_typeName":"Competence","id":"cjlxpf35r0vf40158fg264h7h","fieldName":"subject"},{"_typeName":"Subject","id":"cjlw7rk440ddq0149n4uy1h26","fieldName":"competences"}],[{"_typeName":"Competence","id":"cjlxpf5io0vt40159fpopvw2f","fieldName":"subject"},{"_typeName":"Subject","id":"cjlw7rk440ddq0149n4uy1h26","fieldName":"competences"}],[{"_typeName":"Competence","id":"cjlxpg4dy0wh80195okdljaeu","fieldName":"subject"},{"_typeName":"Subject","id":"cjlw7rv8o0d6t0198q7hiaud1","fieldName":"competences"}],[{"_typeName":"Competence","id":"cjlxpg9eb0vbv0136ouo9jpji","fieldName":"subject"},{"_typeName":"Subject","id":"cjlw7rv8o0d6t0198q7hiaud1","fieldName":"competences"}],[{"_typeName":"Competence","id":"cjlxpgd260x090114fqx1x0wr","fieldName":"subject"},{"_typeName":"Subject","id":"cjlw7rv8o0d6t0198q7hiaud1","fieldName":"competences"}],[{"_typeName":"Competence","id":"cjlxpgh2q0w4n0156w2pbxbt2","fieldName":"subject"},{"_typeName":"Subject","id":"cjlw7rv8o0d6t0198q7hiaud1","fieldName":"competences"}],[{"_typeName":"Competence","id":"cjlxphp250wh30163ukkfauvi","fieldName":"subject"},{"_typeName":"Subject","id":"cjlw7s40u0dgc0108gyfi76w0","fieldName":"competences"}],[{"_typeName":"Competence","id":"cjlxphtyk0wp30199u23uf5gl","fieldName":"subject"},{"_typeName":"Subject","id":"cjlw7s40u0dgc0108gyfi76w0","fieldName":"competences"}],[{"_typeName":"Competence","id":"cjlxphxnb0we30166pizvi02b","fieldName":"subject"},{"_typeName":"Subject","id":"cjlw7s40u0dgc0108gyfi76w0","fieldName":"competences"}],[{"_typeName":"Competence","id":"cjlxpi1cs0wsc0102vo18udn3","fieldName":"subject"},{"_typeName":"Subject","id":"cjlw7s40u0dgc0108gyfi76w0","fieldName":"competences"}],[{"_typeName":"Competence","id":"cjlxpi5wk0vr10187klnqih1l","fieldName":"subject"},{"_typeName":"Subject","id":"cjlw7s40u0dgc0108gyfi76w0","fieldName":"competences"}],[{"_typeName":"Competence","id":"cjlxpl2hp0ym401149dnq6v06","fieldName":"subject"},{"_typeName":"Subject","id":"cjlxpkg740xmb010292c32rx9","fieldName":"competences"}],[{"_typeName":"Competence","id":"cjlxpl8zl0wzr0136ik7s6ijr","fieldName":"subject"},{"_typeName":"Subject","id":"cjlxpkg740xmb010292c32rx9","fieldName":"competences"}],[{"_typeName":"Competence","id":"cjlxpldrh0xdl0127y9eo1fia","fieldName":"subject"},{"_typeName":"Subject","id":"cjlxpkg740xmb010292c32rx9","fieldName":"competences"}],[{"_typeName":"Competence","id":"cjlxplhb80x5p0190pt1n1myx","fieldName":"subject"},{"_typeName":"Subject","id":"cjlxpkg740xmb010292c32rx9","fieldName":"competences"}],[{"_typeName":"Competence","id":"cjlxplyup0xng0166j97h4xds","fieldName":"subject"},{"_typeName":"Subject","id":"cjlw7t0r80dsd0187mo36xddi","fieldName":"competences"}],[{"_typeName":"Competence","id":"cjlxpm3fe0wzl0187uqiyfadx","fieldName":"subject"},{"_typeName":"Subject","id":"cjlw7t0r80dsd0187mo36xddi","fieldName":"competences"}],[{"_typeName":"Competence","id":"cjlxpm7cd0y1x0156iwouv84d","fieldName":"subject"},{"_typeName":"Subject","id":"cjlw7t0r80dsd0187mo36xddi","fieldName":"competences"}],[{"_typeName":"Competence","id":"cjlxpmbkf0xfi0192127fuqhq","fieldName":"subject"},{"_typeName":"Subject","id":"cjlw7t0r80dsd0187mo36xddi","fieldName":"competences"}],[{"_typeName":"Competence","id":"cjlxpolaj0ywd0102h1eo8806","fieldName":"subject"},{"_typeName":"Subject","id":"cjlw7ta9p0dvn0187dq3jt8kt","fieldName":"competences"}],[{"_typeName":"Competence","id":"cjlxpoql50yzx0199g1kv7frk","fieldName":"subject"},{"_typeName":"Subject","id":"cjlw7ta9p0dvn0187dq3jt8kt","fieldName":"competences"}],[{"_typeName":"Competence","id":"cjlxpoukb0yp0015877s60sxm","fieldName":"subject"},{"_typeName":"Subject","id":"cjlw7ta9p0dvn0187dq3jt8kt","fieldName":"competences"}],[{"_typeName":"Competence","id":"cjlxpp9vv0yyj01594oggd8ha","fieldName":"subject"},{"_typeName":"Subject","id":"cjlw7tg6f0eaf01012u391w2q","fieldName":"competences"}],[{"_typeName":"Competence","id":"cjlxppekd0xxx0187shr7qtl3","fieldName":"subject"},{"_typeName":"Subject","id":"cjlw7tg6f0eaf01012u391w2q","fieldName":"competences"}],[{"_typeName":"Competence","id":"cjlxppixu0yyc01560vtw2lbt","fieldName":"subject"},{"_typeName":"Subject","id":"cjlw7tg6f0eaf01012u391w2q","fieldName":"competences"}],[{"_typeName":"Competence","id":"cjlxppwwv0z3f01597io35y0a","fieldName":"subject"},{"_typeName":"Subject","id":"cjlw7tlgx0e320150kc8ohomn","fieldName":"competences"}],[{"_typeName":"Competence","id":"cjlxpq0z30yzk013654jpcnsu","fieldName":"subject"},{"_typeName":"Subject","id":"cjlw7tlgx0e320150kc8ohomn","fieldName":"competences"}],[{"_typeName":"Competence","id":"cjlxpq5na0yww014028l7uf56","fieldName":"subject"},{"_typeName":"Subject","id":"cjlw7tlgx0e320150kc8ohomn","fieldName":"competences"}],[{"_typeName":"Competence","id":"cjlxpqnim107e0114ydusxg09","fieldName":"subject"},{"_typeName":"Subject","id":"cjlw7tt7k0dx20140dpgjzqy8","fieldName":"competences"}],[{"_typeName":"Competence","id":"cjlxpqs810zes0102lvrriwhr","fieldName":"subject"},{"_typeName":"Subject","id":"cjlw7tt7k0dx20140dpgjzqy8","fieldName":"competences"}],[{"_typeName":"Competence","id":"cjlxpqw56109o0114y2kkr4s8","fieldName":"subject"},{"_typeName":"Subject","id":"cjlw7tt7k0dx20140dpgjzqy8","fieldName":"competences"}]]}