{"valueType":"lists","values":[{"_typeName":"Project","id":"cjlxstr1q0cgt0124hvvs72b4","levels":["BK"]},{"_typeName":"Project","id":"cjlxt33t70f0w0193ivm57yzb","levels":["BK"]},{"_typeName":"Project","id":"cjlxtcsw20hak0185seabjq9n","levels":["BK"]},{"_typeName":"Project","id":"cjlzbuzm90m4l01612oai97r2","levels":["BK"]},{"_typeName":"Project","id":"cjm0fc6rz1s4j0190iuxqwiwy","levels":["BK"]},{"_typeName":"Project","id":"cjm1y4a840p3e0116vbhcgq37","levels":["AK"]},{"_typeName":"Project","id":"cjm1y4txp0p580178d1dcuyuc","levels":["BK"]},{"_typeName":"Project","id":"cjm26jbl70fze0190xlfkbcdo","levels":["BK"]},{"_typeName":"Project","id":"cjm4vhzlt0uzr0160i8cnwad7","levels":["BK"]},{"_typeName":"Project","id":"cjm6gg4vr0ka80178a9xj058v","levels":["BK"]},{"_typeName":"Project","id":"cjm7h7bhd0zbf01612x0aa0dq","levels":["BK"]},{"_typeName":"Project","id":"cjm7h7iyi0yoh01403savdrli","levels":["BK"]},{"_typeName":"Project","id":"cjm7h7qeu0zep016151rcw9fw","levels":["BK"]},{"_typeName":"Project","id":"cjm7h8pf5106n0141foa9nq7x","levels":["BK"]},{"_typeName":"Project","id":"cjm7ha82g0zjh01270qvmokxl","levels":["BK"]},{"_typeName":"Project","id":"cjm7hke6711vv0169k20xgp1l","levels":["BK"]},{"_typeName":"Project","id":"cjm7ioo541dpw0115lophfmk5","levels":["BK"]},{"_typeName":"Project","id":"cjm7iqb5i1d5d01616mkgptv8","levels":["BK"]},{"_typeName":"Project","id":"cjm7kfhqp1tm001618jxgbp6y","levels":["BK"]},{"_typeName":"Project","id":"cjm7ks10k1wt601788soggdml","levels":["BK"]},{"_typeName":"Project","id":"cjm7muzj40c6o01646otkeqid","levels":["BK"]},{"_typeName":"Project","id":"cjm7oq6by102e0109teit006t","levels":["BK"]},{"_typeName":"Project","id":"cjo728x4u02yy01808g28dfgv","levels":["BK"]},{"_typeName":"Project","id":"cjo8rbs69099r0171uvoocffa","levels":["AK2"]},{"_typeName":"Project","id":"cjo8rkufh0az101353ti8qpl7","levels":["GK"]},{"_typeName":"Project","id":"cjo8rqkdb0bhp01468xeqaurc","levels":["AK"]},{"_typeName":"Project","id":"cjo8sz1wf0ji001717k9wcpuw","levels":["AK1"]},{"_typeName":"Project","id":"cjo8u6hy20rc20146xm9ncal2","levels":["BK","GK","AK1"]},{"_typeName":"Project","id":"cjo8w7y7g13gd01463ozvsnbr","levels":["BK"]},{"_typeName":"Project","id":"cjysnd4iz0hg40117rqsun624","levels":["GK","AK"]},{"_typeName":"Project","id":"cjysng4lk0hye0115qce68iq3","levels":["AK"]},{"_typeName":"Project","id":"cjysnhx5s0ifv0105bd0710zn","levels":["BK"]},{"_typeName":"Project","id":"cjysniz9z0j3e0133cv7cfulm","levels":["GK"]},{"_typeName":"Project","id":"cjysnjdh90inu010567f2n53l","levels":["GK"]},{"_typeName":"Project","id":"cjysnk9v20jbe0133uuvc7noq","levels":["AK"]},{"_typeName":"Project","id":"cjysnl4990iqn018798pb2pnp","levels":["GK"]},{"_typeName":"Project","id":"cjysnl6s20iry0103n38xo40h","levels":["GK","AK"]},{"_typeName":"Project","id":"cjysnmozu0ixy0131ysglv2zk","levels":["GK"]},{"_typeName":"Project","id":"cjysno3h10jlx0105fd36w9i2","levels":["AK1"]},{"_typeName":"Project","id":"cjysnrrdk0k410155fb9wffl8","levels":["AK"]},{"_typeName":"Project","id":"cjysnsxh60kul0105txgevdis","levels":["GK"]},{"_typeName":"Project","id":"cjysnwkup0lc40158mw3gdbh9","levels":["BK"]},{"_typeName":"Project","id":"cjysnz4aj0lui0159kfaxq4ak","levels":["AK"]},{"_typeName":"Project","id":"cjyso6kf60n670105933q23fo","levels":["BK","GK","AK"]},{"_typeName":"Project","id":"cjyso85ai0mu90165nki8wmjg","levels":["BK","GK"]},{"_typeName":"Project","id":"cjyso8pak0n8d0133hg4vvwbg","levels":["AK","GK"]},{"_typeName":"Project","id":"cjysobxhq0nng0187ahvmkcww","levels":["GK","AK"]},{"_typeName":"Subject","id":"cjlw7muv90bz30187m3f0fecv","levels":["AK","GK","BK"]},{"_typeName":"Subject","id":"cjlw7n7j60clp01550qidyuob","levels":["AK","GK","BK"]},{"_typeName":"Subject","id":"cjlw7p1lh0czy0184w73khy60","levels":["AK2","AK1","GK","BK"]},{"_typeName":"Subject","id":"cjlw7p81y0cr10149ez8ytpcd","levels":["AK","GK","BK"]},{"_typeName":"Subject","id":"cjlw7qels0dgf0155gdwu0hyv","levels":["AK","GK","BK"]},{"_typeName":"Subject","id":"cjlw7qmz90d0d01088qswkyhs","levels":["AK","GK","BK"]},{"_typeName":"Subject","id":"cjlw7rk440ddq0149n4uy1h26","levels":["AK","BK","GK"]},{"_typeName":"Subject","id":"cjlw7rv8o0d6t0198q7hiaud1","levels":["AK2","AK1","GK","BK"]},{"_typeName":"Subject","id":"cjlw7s40u0dgc0108gyfi76w0","levels":["AK2","AK1","GK","BK"]},{"_typeName":"Subject","id":"cjlw7t0r80dsd0187mo36xddi","levels":["AK","GK","BK"]},{"_typeName":"Subject","id":"cjlw7ta9p0dvn0187dq3jt8kt","levels":["AK","GK","BK"]},{"_typeName":"Subject","id":"cjlw7tg6f0eaf01012u391w2q","levels":["AK","GK","BK"]},{"_typeName":"Subject","id":"cjlw7tlgx0e320150kc8ohomn","levels":["GK","AK","BK"]},{"_typeName":"Subject","id":"cjlw7tt7k0dx20140dpgjzqy8","levels":["AK","GK","BK"]},{"_typeName":"Subject","id":"cjlw89ql20imy0149cdcs3ze0","levels":["BK","GK","AK"]},{"_typeName":"Subject","id":"cjlxowo200qlp0159kqv6rx7x","levels":["AK","GK","BK"]},{"_typeName":"Subject","id":"cjlxp8mrm0u570159adcx5tfp","levels":["GK","BK","AK"]},{"_typeName":"Subject","id":"cjlxpkg740xmb010292c32rx9","levels":["GK","BK","AK"]},{"_typeName":"TutorLevels","id":"cjlxrnjg6023l0199oseqlayf","levels":["GK","BK"]},{"_typeName":"TutorLevels","id":"cjlxskoxi09yc0191n80mjmce","levels":["GK","BK","AK1","AK2"]},{"_typeName":"TutorLevels","id":"cjlxsp19p0bcn0124bfoyq3xo","levels":["GK"]},{"_typeName":"TutorLevels","id":"cjlzbilzx0idc0113cpkheq32","levels":["GK","AK","BK"]},{"_typeName":"TutorLevels","id":"cjm7k9kfk1szr0177jmjhfsd3","levels":["AK"]},{"_typeName":"TutorLevels","id":"cjm7k9mft1sya01558mympqg7","levels":["AK"]},{"_typeName":"TutorLevels","id":"cjm7m62r0041101408zgccv4k","levels":["BK"]},{"_typeName":"TutorLevels","id":"cjm7m63u304t90109h65avzbn","levels":["BK"]},{"_typeName":"TutorLevels","id":"cjm7xmb650wd10147o99gsr18","levels":["AK"]},{"_typeName":"TutorLevels","id":"cjmj35axy0inz0171t71k1z3p","levels":["BK"]},{"_typeName":"TutorLevels","id":"cjmkjv40j0y9d0128u0t27cpp","levels":["GK"]},{"_typeName":"TutorLevels","id":"cjmz0doxq038e01143oxtlnc2","levels":["BK","AK"]},{"_typeName":"TutorLevels","id":"cjmz0drtg03bx01716bznsp5m","levels":["GK","AK"]},{"_typeName":"TutorLevels","id":"cjmz0dwlb033u01261d206imr","levels":["BK"]},{"_typeName":"TutorLevels","id":"cjmz0dz2b03bd0139hmfs7s4t","levels":["BK"]},{"_typeName":"TutorLevels","id":"cjo6zxy3z14qz0119jkt1g3yc","levels":["GK","AK"]},{"_typeName":"TutorLevels","id":"cjo6zy483151e0113sp4qbt8q","levels":["GK","AK"]},{"_typeName":"TutorLevels","id":"cjo701vpt14qy0124qebzu9bn","levels":["GK","AK"]},{"_typeName":"TutorLevels","id":"cjo70200s15410150ejn15bzu","levels":["GK","AK"]},{"_typeName":"TutorLevels","id":"cjo71j9zv1isp0147eu3hbzg6","levels":["BK"]},{"_typeName":"TutorLevels","id":"cjo71jaug1hs80189txpnybzi","levels":["BK"]},{"_typeName":"TutorLevels","id":"cjo8r1hal079s0196t82vgkwe","levels":["AK2"]},{"_typeName":"TutorLevels","id":"cjo8r1nh007ev0196oddq2630","levels":["GK","AK"]},{"_typeName":"TutorLevels","id":"cjo8r26dp072k01423admk0e5","levels":["GK","AK"]},{"_typeName":"TutorLevels","id":"cjo8r310m07nq0196m6v4061w","levels":["GK","AK"]},{"_typeName":"TutorLevels","id":"cjo8su5f60ibz0142tyrdi88n","levels":["GK"]},{"_typeName":"TutorLevels","id":"cjo8su90d0ih80173mtteva0v","levels":["AK","GK","BK"]},{"_typeName":"TutorLevels","id":"cjo8sv0u60iow0171ummj0xhw","levels":["AK","GK"]},{"_typeName":"TutorLevels","id":"cjo8svsz70j120135wunyuaj2","levels":["BK"]},{"_typeName":"TutorLevels","id":"cjo8svydn0iw401719gqgpnw3","levels":["BK"]},{"_typeName":"TutorLevels","id":"cjo8sw1fr0iwo0171xhtsuzne","levels":["GK","AK"]},{"_typeName":"TutorLevels","id":"cjo8sw5le0j1j0103dhyo31c8","levels":["AK1"]},{"_typeName":"TutorLevels","id":"cjo8swbws0ir8016397fje9q4","levels":["GK"]},{"_typeName":"TutorLevels","id":"cjo8swcst0j3m01031cfgey8y","levels":["GK","AK"]},{"_typeName":"TutorLevels","id":"cjo8szv370jgz0163rn2eyz6f","levels":["GK","AK"]},{"_typeName":"TutorLevels","id":"cjo8t08kj0jy90135hzpp1tkm","levels":["BK","GK"]},{"_typeName":"TutorLevels","id":"cjpi4x0hp10hn018344b3sooq","levels":["BK","GK","AK1","AK2"]},{"_typeName":"TutorLevels","id":"cjpi4x5ou11qc0131klst226k","levels":["BK","GK","AK1","AK2"]},{"_typeName":"TutorLevels","id":"cjpi8drjn05fm0128i871r6ji","levels":["BK"]},{"_typeName":"TutorLevels","id":"cjpl7tjpp108l0110piokr2mm","levels":["BK","GK","AK"]},{"_typeName":"TutorLevels","id":"cjysnaig00h130158n3csmhfj","levels":["AK1","AK2"]},{"_typeName":"TutorLevels","id":"cjysnatet0h1401032ri2ca4v","levels":["GK","AK"]},{"_typeName":"TutorLevels","id":"cjysnb75p0gpo01311totuqnc","levels":["GK","AK"]},{"_typeName":"TutorLevels","id":"cjyso1scb0lqk0155mup7dmw6","levels":["BK"]},{"_typeName":"TutorLevels","id":"cjyso554q0ngr0133bbxtzxeg","levels":["BK","GK","AK"]}]}