{"valueType":"lists","values":[{"_typeName":"Subject","id":"cjkmdrcqs5olr0166089mieom","levels":["GK","AK","BK"]},{"_typeName":"Subject","id":"cjkmdsaun5unh015048iuze1w","levels":["GK","AK","BK"]},{"_typeName":"Subject","id":"cjkmdsf6r6xri01983l4hbe66","levels":["GK","AK","BK"]},{"_typeName":"Subject","id":"cjkmdsj2082fv01614kgy6zrp","levels":["AK2","AK1","GK","BK"]},{"_typeName":"Subject","id":"cjkmdwhm573ku0105sptupr3o","levels":["GK","AK","BK"]},{"_typeName":"Subject","id":"cjkme5khx8iic0161lstgy3zy","levels":["AK","GK","BK"]},{"_typeName":"Subject","id":"cjkme5szc7nwb01987kdlntn3","levels":["GK","AK","BK"]},{"_typeName":"Subject","id":"cjkme5yk971xq0101mu49zofi","levels":["GK","BK","AK"]},{"_typeName":"Subject","id":"cjkme66md7tpz0190k6npzfvp","levels":["AK2","AK1","GK","BK"]},{"_typeName":"Subject","id":"cjkme6xs87fpn0126lt6hn2ix","levels":["AK2","AK1","GK","BK"]},{"_typeName":"Subject","id":"cjkme78q468p20150j9pryj54","levels":["GK","AK","BK"]},{"_typeName":"Subject","id":"cjkme7eyw7q990151xwbz2x6s","levels":["AK","GK","BK"]},{"_typeName":"Subject","id":"cjkrw5bfe101w019587i72ie9","levels":["AK","GK","BK"]},{"_typeName":"Subject","id":"cjkrw5i9a1c230108cqu1gugi","levels":["BK","GK","AK"]},{"_typeName":"Subject","id":"cjkrw656p1c230169204ixn70","levels":["AK","GK","BK"]},{"_typeName":"TutorLevels","id":"cjkr0dfz708pq0149ld2l5o5y","levels":["AK2"]},{"_typeName":"TutorLevels","id":"cjkr0jdq3098c0126vvxse0rz","levels":["AK2","AK1"]},{"_typeName":"TutorLevels","id":"cjkr0kj1009bv0126vhid46ze","levels":["AK2","AK1"]},{"_typeName":"TutorLevels","id":"cjkr0koat09dh0180k8244ixj","levels":["GK","BK"]},{"_typeName":"TutorLevels","id":"cjkr1dcfr0efj0163qiybry6v","levels":["GK","BK"]},{"_typeName":"TutorLevels","id":"cjkr53lra13g00118aak76cl8","levels":["GK","BK","AK1"]},{"_typeName":"TutorLevels","id":"cjkr53w78131c0163mtg52d8j","levels":["GK"]},{"_typeName":"TutorLevels","id":"cjkr5bbnk14ak0117m0rl0vsr","levels":["GK"]},{"_typeName":"TutorLevels","id":"cjkrmqe3211q701290emgcmjv","levels":["GK"]},{"_typeName":"TutorLevels","id":"cjkrmqekz127j016581mi2pv4","levels":["GK"]},{"_typeName":"TutorLevels","id":"cjkrnx49q19u60101fegq4lhq","levels":["GK"]},{"_typeName":"TutorLevels","id":"cjkxoc6rf09nf0100h22rpncq","levels":["GK"]}]}