{"valueType":"relations","values":[[{"_typeName":"Evaluation","id":"cjlxtejsb0ik20191c7l42s10","fieldName":"competence"},{"_typeName":"Competence","id":"cjlxoo8we0npe0158m5d90i3o","fieldName":"evaluations"}],[{"_typeName":"Evaluation","id":"cjlxteqaw0ijk0162hutrws29","fieldName":"competence"},{"_typeName":"Competence","id":"cjlxoonj20nsd0158dpllzq44","fieldName":"evaluations"}],[{"_typeName":"Evaluation","id":"cjm0ffkf81tiv0161v0vpzm3x","fieldName":"competence"},{"_typeName":"Competence","id":"cjlxoo8we0npe0158m5d90i3o","fieldName":"evaluations"}],[{"_typeName":"Evaluation","id":"cjm276bcy0l350113e7chp1qz","fieldName":"competence"},{"_typeName":"Competence","id":"cjlxp0z3q0reb013624ibviwy","fieldName":"evaluations"}],[{"_typeName":"Evaluation","id":"cjm276g8q0vbc01999dqumkd4","fieldName":"competence"},{"_typeName":"Competence","id":"cjlxp0z3q0reb013624ibviwy","fieldName":"evaluations"}],[{"_typeName":"Evaluation","id":"cjm276jtx0i940102lw6q0y9t","fieldName":"competence"},{"_typeName":"Competence","id":"cjlxp16t80rb50140dfw6xmo8","fieldName":"evaluations"}],[{"_typeName":"Evaluation","id":"cjm276q3u0k290165pcnlg2ox","fieldName":"competence"},{"_typeName":"Competence","id":"cjlxp0z3q0reb013624ibviwy","fieldName":"evaluations"}],[{"_typeName":"Evaluation","id":"cjm276x7j0vee0199tht9y7ra","fieldName":"competence"},{"_typeName":"Competence","id":"cjlxp16t80rb50140dfw6xmo8","fieldName":"evaluations"}],[{"_typeName":"Evaluation","id":"cjm27724z0k5d016555ihthos","fieldName":"competence"},{"_typeName":"Competence","id":"cjlxp0z3q0reb013624ibviwy","fieldName":"evaluations"}],[{"_typeName":"Evaluation","id":"cjm27767x0k5a0172qw2s9fj6","fieldName":"competence"},{"_typeName":"Competence","id":"cjlxp16t80rb50140dfw6xmo8","fieldName":"evaluations"}],[{"_typeName":"Evaluation","id":"cjm4vvpqj0ydh0108mkxh4c2y","fieldName":"competence"},{"_typeName":"Competence","id":"cjlxp1jx20r0d0136hzrpgss1","fieldName":"evaluations"}],[{"_typeName":"Evaluation","id":"cjm4yz3ls1ntn0187q9yaoc9v","fieldName":"competence"},{"_typeName":"Competence","id":"cjlxoovnu0p8p0114txvrcy7j","fieldName":"evaluations"}],[{"_typeName":"Evaluation","id":"cjm4yz82o1ni801967nvxxk0r","fieldName":"competence"},{"_typeName":"Competence","id":"cjlxop3ef0ns101877wgyyaqu","fieldName":"evaluations"}],[{"_typeName":"Evaluation","id":"cjm4yzczp1oil0199qd81h8mb","fieldName":"competence"},{"_typeName":"Competence","id":"cjlxoo8we0npe0158m5d90i3o","fieldName":"evaluations"}],[{"_typeName":"Evaluation","id":"cjm4yzds31mvc01602e0kd2wd","fieldName":"competence"},{"_typeName":"Competence","id":"cjlxoonj20nsd0158dpllzq44","fieldName":"evaluations"}],[{"_typeName":"Evaluation","id":"cjm4yzeti1ng70141jp6uofkr","fieldName":"competence"},{"_typeName":"Competence","id":"cjlxoovnu0p8p0114txvrcy7j","fieldName":"evaluations"}],[{"_typeName":"Evaluation","id":"cjm4yzg751ohi0160txz3mldo","fieldName":"competence"},{"_typeName":"Competence","id":"cjlxop3ef0ns101877wgyyaqu","fieldName":"evaluations"}],[{"_typeName":"Evaluation","id":"cjm4yzidi1nv40145tyeahwlz","fieldName":"competence"},{"_typeName":"Competence","id":"cjlxoo8we0npe0158m5d90i3o","fieldName":"evaluations"}],[{"_typeName":"Evaluation","id":"cjm4yzj341nkt0196gsaxg05v","fieldName":"competence"},{"_typeName":"Competence","id":"cjlxoonj20nsd0158dpllzq44","fieldName":"evaluations"}],[{"_typeName":"Evaluation","id":"cjm4yzk3t1mws0160vf9a5vhf","fieldName":"competence"},{"_typeName":"Competence","id":"cjlxoovnu0p8p0114txvrcy7j","fieldName":"evaluations"}],[{"_typeName":"Evaluation","id":"cjm4yzkpc1n8a0108sziwzyqs","fieldName":"competence"},{"_typeName":"Competence","id":"cjlxop3ef0ns101877wgyyaqu","fieldName":"evaluations"}],[{"_typeName":"Evaluation","id":"cjm5243g90ijs0138se1slmc7","fieldName":"competence"},{"_typeName":"Competence","id":"cjlxoo8we0npe0158m5d90i3o","fieldName":"evaluations"}],[{"_typeName":"Evaluation","id":"cjm5245c50jok0172b1ukaogd","fieldName":"competence"},{"_typeName":"Competence","id":"cjlxoonj20nsd0158dpllzq44","fieldName":"evaluations"}],[{"_typeName":"Evaluation","id":"cjm5246840j7f0169hee3n072","fieldName":"competence"},{"_typeName":"Competence","id":"cjlxoovnu0p8p0114txvrcy7j","fieldName":"evaluations"}],[{"_typeName":"Evaluation","id":"cjm52477u0iyu0108yw9eaic3","fieldName":"competence"},{"_typeName":"Competence","id":"cjlxop3ef0ns101877wgyyaqu","fieldName":"evaluations"}],[{"_typeName":"Evaluation","id":"cjm5249ma0j8p0169aeyl9928","fieldName":"competence"},{"_typeName":"Competence","id":"cjlxoonj20nsd0158dpllzq44","fieldName":"evaluations"}],[{"_typeName":"Evaluation","id":"cjm524ahm0jpo0172wfcod66w","fieldName":"competence"},{"_typeName":"Competence","id":"cjlxoovnu0p8p0114txvrcy7j","fieldName":"evaluations"}],[{"_typeName":"Evaluation","id":"cjm524b0h0iu80112zwvgto6u","fieldName":"competence"},{"_typeName":"Competence","id":"cjlxop3ef0ns101877wgyyaqu","fieldName":"evaluations"}],[{"_typeName":"Evaluation","id":"cjm524cfx0j9a0169iy8dnraz","fieldName":"competence"},{"_typeName":"Competence","id":"cjlxoo8we0npe0158m5d90i3o","fieldName":"evaluations"}],[{"_typeName":"Evaluation","id":"cjm524cvf0iuj0112wcc17vd9","fieldName":"competence"},{"_typeName":"Competence","id":"cjlxoonj20nsd0158dpllzq44","fieldName":"evaluations"}],[{"_typeName":"Evaluation","id":"cjm524dic0jq90172qy5zt1iy","fieldName":"competence"},{"_typeName":"Competence","id":"cjlxoovnu0p8p0114txvrcy7j","fieldName":"evaluations"}],[{"_typeName":"Evaluation","id":"cjm524e0i0j9o0169m0vitg91","fieldName":"competence"},{"_typeName":"Competence","id":"cjlxop3ef0ns101877wgyyaqu","fieldName":"evaluations"}],[{"_typeName":"Evaluation","id":"cjm5ah1k00j610154qdixd4qo","fieldName":"competence"},{"_typeName":"Competence","id":"cjlxp16t80rb50140dfw6xmo8","fieldName":"evaluations"}],[{"_typeName":"Evaluation","id":"cjlxtejsb0ik20191c7l42s10","fieldName":"subject"},{"_typeName":"Subject","id":"cjlw7muv90bz30187m3f0fecv","fieldName":"evaluations"}],[{"_typeName":"Evaluation","id":"cjlxteqaw0ijk0162hutrws29","fieldName":"subject"},{"_typeName":"Subject","id":"cjlw7muv90bz30187m3f0fecv","fieldName":"evaluations"}],[{"_typeName":"Evaluation","id":"cjm0ffkf81tiv0161v0vpzm3x","fieldName":"subject"},{"_typeName":"Subject","id":"cjlw7muv90bz30187m3f0fecv","fieldName":"evaluations"}],[{"_typeName":"Evaluation","id":"cjm276bcy0l350113e7chp1qz","fieldName":"subject"},{"_typeName":"Subject","id":"cjlw7p1lh0czy0184w73khy60","fieldName":"evaluations"}],[{"_typeName":"Evaluation","id":"cjm276g8q0vbc01999dqumkd4","fieldName":"subject"},{"_typeName":"Subject","id":"cjlw7p1lh0czy0184w73khy60","fieldName":"evaluations"}],[{"_typeName":"Evaluation","id":"cjm276jtx0i940102lw6q0y9t","fieldName":"subject"},{"_typeName":"Subject","id":"cjlw7p1lh0czy0184w73khy60","fieldName":"evaluations"}],[{"_typeName":"Evaluation","id":"cjm276q3u0k290165pcnlg2ox","fieldName":"subject"},{"_typeName":"Subject","id":"cjlw7p1lh0czy0184w73khy60","fieldName":"evaluations"}],[{"_typeName":"Evaluation","id":"cjm276x7j0vee0199tht9y7ra","fieldName":"subject"},{"_typeName":"Subject","id":"cjlw7p1lh0czy0184w73khy60","fieldName":"evaluations"}],[{"_typeName":"Evaluation","id":"cjm27724z0k5d016555ihthos","fieldName":"subject"},{"_typeName":"Subject","id":"cjlw7p1lh0czy0184w73khy60","fieldName":"evaluations"}],[{"_typeName":"Evaluation","id":"cjm27767x0k5a0172qw2s9fj6","fieldName":"subject"},{"_typeName":"Subject","id":"cjlw7p1lh0czy0184w73khy60","fieldName":"evaluations"}],[{"_typeName":"Evaluation","id":"cjm4vvpqj0ydh0108mkxh4c2y","fieldName":"subject"},{"_typeName":"Subject","id":"cjlw7p1lh0czy0184w73khy60","fieldName":"evaluations"}],[{"_typeName":"Evaluation","id":"cjm4yz3ls1ntn0187q9yaoc9v","fieldName":"subject"},{"_typeName":"Subject","id":"cjlw7muv90bz30187m3f0fecv","fieldName":"evaluations"}],[{"_typeName":"Evaluation","id":"cjm4yz82o1ni801967nvxxk0r","fieldName":"subject"},{"_typeName":"Subject","id":"cjlw7muv90bz30187m3f0fecv","fieldName":"evaluations"}],[{"_typeName":"Evaluation","id":"cjm4yzczp1oil0199qd81h8mb","fieldName":"subject"},{"_typeName":"Subject","id":"cjlw7muv90bz30187m3f0fecv","fieldName":"evaluations"}],[{"_typeName":"Evaluation","id":"cjm4yzds31mvc01602e0kd2wd","fieldName":"subject"},{"_typeName":"Subject","id":"cjlw7muv90bz30187m3f0fecv","fieldName":"evaluations"}],[{"_typeName":"Evaluation","id":"cjm4yzeti1ng70141jp6uofkr","fieldName":"subject"},{"_typeName":"Subject","id":"cjlw7muv90bz30187m3f0fecv","fieldName":"evaluations"}],[{"_typeName":"Evaluation","id":"cjm4yzg751ohi0160txz3mldo","fieldName":"subject"},{"_typeName":"Subject","id":"cjlw7muv90bz30187m3f0fecv","fieldName":"evaluations"}],[{"_typeName":"Evaluation","id":"cjm4yzidi1nv40145tyeahwlz","fieldName":"subject"},{"_typeName":"Subject","id":"cjlw7muv90bz30187m3f0fecv","fieldName":"evaluations"}],[{"_typeName":"Evaluation","id":"cjm4yzj341nkt0196gsaxg05v","fieldName":"subject"},{"_typeName":"Subject","id":"cjlw7muv90bz30187m3f0fecv","fieldName":"evaluations"}],[{"_typeName":"Evaluation","id":"cjm4yzk3t1mws0160vf9a5vhf","fieldName":"subject"},{"_typeName":"Subject","id":"cjlw7muv90bz30187m3f0fecv","fieldName":"evaluations"}],[{"_typeName":"Evaluation","id":"cjm4yzkpc1n8a0108sziwzyqs","fieldName":"subject"},{"_typeName":"Subject","id":"cjlw7muv90bz30187m3f0fecv","fieldName":"evaluations"}],[{"_typeName":"Evaluation","id":"cjm5243g90ijs0138se1slmc7","fieldName":"subject"},{"_typeName":"Subject","id":"cjlw7muv90bz30187m3f0fecv","fieldName":"evaluations"}],[{"_typeName":"Evaluation","id":"cjm5245c50jok0172b1ukaogd","fieldName":"subject"},{"_typeName":"Subject","id":"cjlw7muv90bz30187m3f0fecv","fieldName":"evaluations"}],[{"_typeName":"Evaluation","id":"cjm5246840j7f0169hee3n072","fieldName":"subject"},{"_typeName":"Subject","id":"cjlw7muv90bz30187m3f0fecv","fieldName":"evaluations"}],[{"_typeName":"Evaluation","id":"cjm52477u0iyu0108yw9eaic3","fieldName":"subject"},{"_typeName":"Subject","id":"cjlw7muv90bz30187m3f0fecv","fieldName":"evaluations"}],[{"_typeName":"Evaluation","id":"cjm5249ma0j8p0169aeyl9928","fieldName":"subject"},{"_typeName":"Subject","id":"cjlw7muv90bz30187m3f0fecv","fieldName":"evaluations"}],[{"_typeName":"Evaluation","id":"cjm524ahm0jpo0172wfcod66w","fieldName":"subject"},{"_typeName":"Subject","id":"cjlw7muv90bz30187m3f0fecv","fieldName":"evaluations"}],[{"_typeName":"Evaluation","id":"cjm524b0h0iu80112zwvgto6u","fieldName":"subject"},{"_typeName":"Subject","id":"cjlw7muv90bz30187m3f0fecv","fieldName":"evaluations"}],[{"_typeName":"Evaluation","id":"cjm524cfx0j9a0169iy8dnraz","fieldName":"subject"},{"_typeName":"Subject","id":"cjlw7muv90bz30187m3f0fecv","fieldName":"evaluations"}],[{"_typeName":"Evaluation","id":"cjm524cvf0iuj0112wcc17vd9","fieldName":"subject"},{"_typeName":"Subject","id":"cjlw7muv90bz30187m3f0fecv","fieldName":"evaluations"}],[{"_typeName":"Evaluation","id":"cjm524dic0jq90172qy5zt1iy","fieldName":"subject"},{"_typeName":"Subject","id":"cjlw7muv90bz30187m3f0fecv","fieldName":"evaluations"}],[{"_typeName":"Evaluation","id":"cjm524e0i0j9o0169m0vitg91","fieldName":"subject"},{"_typeName":"Subject","id":"cjlw7muv90bz30187m3f0fecv","fieldName":"evaluations"}],[{"_typeName":"Evaluation","id":"cjm5ah1k00j610154qdixd4qo","fieldName":"subject"},{"_typeName":"Subject","id":"cjlw7p1lh0czy0184w73khy60","fieldName":"evaluations"}],[{"_typeName":"Project","id":"cjm1y4a840p3e0116vbhcgq37","fieldName":"materials"},{"_typeName":"Material","id":"cjm21p97m1mrf0116zzhklato","fieldName":"project"}],[{"_typeName":"Project","id":"cjlxt33t70f0w0193ivm57yzb","fieldName":"materials"},{"_typeName":"Material","id":"cjm53b89g0s250112mwx0junj","fieldName":"project"}],[{"_typeName":"Project","id":"cjlxt33t70f0w0193ivm57yzb","fieldName":"materials"},{"_typeName":"Material","id":"cjm53esld0th50113ypngi931","fieldName":"project"}],[{"_typeName":"Project","id":"cjlxt33t70f0w0193ivm57yzb","fieldName":"materials"},{"_typeName":"Material","id":"cjm53imf70ttb0184dcxyumrq","fieldName":"project"}],[{"_typeName":"Project","id":"cjlxt33t70f0w0193ivm57yzb","fieldName":"materials"},{"_typeName":"Material","id":"cjm53p2wr0ujn0138cca9r4xr","fieldName":"project"}],[{"_typeName":"Project","id":"cjlxt33t70f0w0193ivm57yzb","fieldName":"materials"},{"_typeName":"Material","id":"cjm53qbaq0vk30120tcc61n7j","fieldName":"project"}],[{"_typeName":"StudentLevels","id":"cjm0fat8k1rcc0194hlvrnc9k","fieldName":"student"},{"_typeName":"User","id":"cjlzbm9xr0jie0199og3ai226","fieldName":"studentLevels"}],[{"_typeName":"StudentLevels","id":"cjm1udsys1kwr0197rhinqtbo","fieldName":"student"},{"_typeName":"User","id":"cjlw738yw06z201083d82md84","fieldName":"studentLevels"}],[{"_typeName":"StudentLevels","id":"cjm26qx7f0gpb0149wcmdhqyj","fieldName":"student"},{"_typeName":"User","id":"cjlw738yw06z201083d82md84","fieldName":"studentLevels"}],[{"_typeName":"StudentLevels","id":"cjm0fat8k1rcc0194hlvrnc9k","fieldName":"subject"},{"_typeName":"Subject","id":"cjlw7muv90bz30187m3f0fecv","fieldName":"studentLevels"}],[{"_typeName":"StudentLevels","id":"cjm1udsys1kwr0197rhinqtbo","fieldName":"subject"},{"_typeName":"Subject","id":"cjlw7muv90bz30187m3f0fecv","fieldName":"studentLevels"}],[{"_typeName":"StudentLevels","id":"cjm26qx7f0gpb0149wcmdhqyj","fieldName":"subject"},{"_typeName":"Subject","id":"cjlw7p1lh0czy0184w73khy60","fieldName":"studentLevels"}],[{"_typeName":"StudentNote","id":"cjm0fbg0c1rrk01771eti6fcb","fieldName":"subject"},{"_typeName":"Subject","id":"cjlw7muv90bz30187m3f0fecv","fieldName":"studentNotes"}],[{"_typeName":"StudentNote","id":"cjm0fbm4v1rnu0194d5y3gwg1","fieldName":"subject"},{"_typeName":"Subject","id":"cjlw7muv90bz30187m3f0fecv","fieldName":"studentNotes"}],[{"_typeName":"StudentNote","id":"cjm4w0l0c0zj40198lp3p7q3o","fieldName":"subject"},{"_typeName":"Subject","id":"cjlw7muv90bz30187m3f0fecv","fieldName":"studentNotes"}],[{"_typeName":"StudentNote","id":"cjm523ys20inj01611mjka7ai","fieldName":"subject"},{"_typeName":"Subject","id":"cjlw7muv90bz30187m3f0fecv","fieldName":"studentNotes"}],[{"_typeName":"Project","id":"cjlxtcsw20hak0185seabjq9n","fieldName":"students"},{"_typeName":"User","id":"cjlw738yw06z201083d82md84","fieldName":"studiesProjects"}],[{"_typeName":"Project","id":"cjlxt33t70f0w0193ivm57yzb","fieldName":"students"},{"_typeName":"User","id":"cjlw738yw06z201083d82md84","fieldName":"studiesProjects"}],[{"_typeName":"Project","id":"cjlxstr1q0cgt0124hvvs72b4","fieldName":"students"},{"_typeName":"User","id":"cjlw738yw06z201083d82md84","fieldName":"studiesProjects"}],[{"_typeName":"Project","id":"cjlxstr1q0cgt0124hvvs72b4","fieldName":"students"},{"_typeName":"User","id":"cjlw72r2m06ow0140pgjamrk6","fieldName":"studiesProjects"}],[{"_typeName":"Project","id":"cjlzbuzm90m4l01612oai97r2","fieldName":"students"},{"_typeName":"User","id":"cjlzbm9xr0jie0199og3ai226","fieldName":"studiesProjects"}],[{"_typeName":"Project","id":"cjm0fc6rz1s4j0190iuxqwiwy","fieldName":"students"},{"_typeName":"User","id":"cjlzbm9xr0jie0199og3ai226","fieldName":"studiesProjects"}],[{"_typeName":"Project","id":"cjm1y4a840p3e0116vbhcgq37","fieldName":"students"},{"_typeName":"User","id":"cjlw738yw06z201083d82md84","fieldName":"studiesProjects"}],[{"_typeName":"Project","id":"cjlzbuzm90m4l01612oai97r2","fieldName":"students"},{"_typeName":"User","id":"cjlw738yw06z201083d82md84","fieldName":"studiesProjects"}],[{"_typeName":"Project","id":"cjm26jbl70fze0190xlfkbcdo","fieldName":"students"},{"_typeName":"User","id":"cjlw738yw06z201083d82md84","fieldName":"studiesProjects"}],[{"_typeName":"Project","id":"cjm1y4txp0p580178d1dcuyuc","fieldName":"students"},{"_typeName":"User","id":"cjlw738yw06z201083d82md84","fieldName":"studiesProjects"}],[{"_typeName":"Evaluation","id":"cjlxtejsb0ik20191c7l42s10","fieldName":"student"},{"_typeName":"User","id":"cjlw738yw06z201083d82md84","fieldName":"selfEvaluations"}],[{"_typeName":"Evaluation","id":"cjlxteqaw0ijk0162hutrws29","fieldName":"student"},{"_typeName":"User","id":"cjlw738yw06z201083d82md84","fieldName":"selfEvaluations"}],[{"_typeName":"Evaluation","id":"cjm0ffkf81tiv0161v0vpzm3x","fieldName":"student"},{"_typeName":"User","id":"cjlzbm9xr0jie0199og3ai226","fieldName":"selfEvaluations"}],[{"_typeName":"Evaluation","id":"cjm276bcy0l350113e7chp1qz","fieldName":"student"},{"_typeName":"User","id":"cjlw738yw06z201083d82md84","fieldName":"selfEvaluations"}],[{"_typeName":"Evaluation","id":"cjm276g8q0vbc01999dqumkd4","fieldName":"student"},{"_typeName":"User","id":"cjlw738yw06z201083d82md84","fieldName":"selfEvaluations"}],[{"_typeName":"Evaluation","id":"cjm276jtx0i940102lw6q0y9t","fieldName":"student"},{"_typeName":"User","id":"cjlw738yw06z201083d82md84","fieldName":"selfEvaluations"}],[{"_typeName":"Evaluation","id":"cjm276q3u0k290165pcnlg2ox","fieldName":"student"},{"_typeName":"User","id":"cjlw738yw06z201083d82md84","fieldName":"selfEvaluations"}],[{"_typeName":"Evaluation","id":"cjm276x7j0vee0199tht9y7ra","fieldName":"student"},{"_typeName":"User","id":"cjlw738yw06z201083d82md84","fieldName":"selfEvaluations"}],[{"_typeName":"Evaluation","id":"cjm27724z0k5d016555ihthos","fieldName":"student"},{"_typeName":"User","id":"cjlw738yw06z201083d82md84","fieldName":"selfEvaluations"}],[{"_typeName":"Evaluation","id":"cjm27767x0k5a0172qw2s9fj6","fieldName":"student"},{"_typeName":"User","id":"cjlw738yw06z201083d82md84","fieldName":"selfEvaluations"}],[{"_typeName":"Evaluation","id":"cjm4vvpqj0ydh0108mkxh4c2y","fieldName":"student"},{"_typeName":"User","id":"cjlw738yw06z201083d82md84","fieldName":"selfEvaluations"}],[{"_typeName":"Evaluation","id":"cjm4yz3ls1ntn0187q9yaoc9v","fieldName":"student"},{"_typeName":"User","id":"cjlw738yw06z201083d82md84","fieldName":"selfEvaluations"}],[{"_typeName":"Evaluation","id":"cjm4yz82o1ni801967nvxxk0r","fieldName":"student"},{"_typeName":"User","id":"cjlw738yw06z201083d82md84","fieldName":"selfEvaluations"}],[{"_typeName":"Evaluation","id":"cjm4yzczp1oil0199qd81h8mb","fieldName":"student"},{"_typeName":"User","id":"cjlw738yw06z201083d82md84","fieldName":"selfEvaluations"}],[{"_typeName":"Evaluation","id":"cjm4yzds31mvc01602e0kd2wd","fieldName":"student"},{"_typeName":"User","id":"cjlw738yw06z201083d82md84","fieldName":"selfEvaluations"}],[{"_typeName":"Evaluation","id":"cjm4yzeti1ng70141jp6uofkr","fieldName":"student"},{"_typeName":"User","id":"cjlw738yw06z201083d82md84","fieldName":"selfEvaluations"}],[{"_typeName":"Evaluation","id":"cjm4yzg751ohi0160txz3mldo","fieldName":"student"},{"_typeName":"User","id":"cjlw738yw06z201083d82md84","fieldName":"selfEvaluations"}],[{"_typeName":"Evaluation","id":"cjm4yzidi1nv40145tyeahwlz","fieldName":"student"},{"_typeName":"User","id":"cjlw738yw06z201083d82md84","fieldName":"selfEvaluations"}],[{"_typeName":"Evaluation","id":"cjm4yzj341nkt0196gsaxg05v","fieldName":"student"},{"_typeName":"User","id":"cjlw738yw06z201083d82md84","fieldName":"selfEvaluations"}],[{"_typeName":"Evaluation","id":"cjm4yzk3t1mws0160vf9a5vhf","fieldName":"student"},{"_typeName":"User","id":"cjlw738yw06z201083d82md84","fieldName":"selfEvaluations"}],[{"_typeName":"Evaluation","id":"cjm4yzkpc1n8a0108sziwzyqs","fieldName":"student"},{"_typeName":"User","id":"cjlw738yw06z201083d82md84","fieldName":"selfEvaluations"}],[{"_typeName":"Evaluation","id":"cjm5243g90ijs0138se1slmc7","fieldName":"student"},{"_typeName":"User","id":"cjlzbm9xr0jie0199og3ai226","fieldName":"selfEvaluations"}],[{"_typeName":"Evaluation","id":"cjm5245c50jok0172b1ukaogd","fieldName":"student"},{"_typeName":"User","id":"cjlzbm9xr0jie0199og3ai226","fieldName":"selfEvaluations"}],[{"_typeName":"Evaluation","id":"cjm5246840j7f0169hee3n072","fieldName":"student"},{"_typeName":"User","id":"cjlzbm9xr0jie0199og3ai226","fieldName":"selfEvaluations"}],[{"_typeName":"Evaluation","id":"cjm52477u0iyu0108yw9eaic3","fieldName":"student"},{"_typeName":"User","id":"cjlzbm9xr0jie0199og3ai226","fieldName":"selfEvaluations"}],[{"_typeName":"Evaluation","id":"cjm5249ma0j8p0169aeyl9928","fieldName":"student"},{"_typeName":"User","id":"cjlzbm9xr0jie0199og3ai226","fieldName":"selfEvaluations"}],[{"_typeName":"Evaluation","id":"cjm524ahm0jpo0172wfcod66w","fieldName":"student"},{"_typeName":"User","id":"cjlzbm9xr0jie0199og3ai226","fieldName":"selfEvaluations"}],[{"_typeName":"Evaluation","id":"cjm524b0h0iu80112zwvgto6u","fieldName":"student"},{"_typeName":"User","id":"cjlzbm9xr0jie0199og3ai226","fieldName":"selfEvaluations"}],[{"_typeName":"Evaluation","id":"cjm524cfx0j9a0169iy8dnraz","fieldName":"student"},{"_typeName":"User","id":"cjlzbm9xr0jie0199og3ai226","fieldName":"selfEvaluations"}],[{"_typeName":"Evaluation","id":"cjm524cvf0iuj0112wcc17vd9","fieldName":"student"},{"_typeName":"User","id":"cjlzbm9xr0jie0199og3ai226","fieldName":"selfEvaluations"}],[{"_typeName":"Evaluation","id":"cjm524dic0jq90172qy5zt1iy","fieldName":"student"},{"_typeName":"User","id":"cjlzbm9xr0jie0199og3ai226","fieldName":"selfEvaluations"}],[{"_typeName":"Evaluation","id":"cjm524e0i0j9o0169m0vitg91","fieldName":"student"},{"_typeName":"User","id":"cjlzbm9xr0jie0199og3ai226","fieldName":"selfEvaluations"}],[{"_typeName":"Evaluation","id":"cjm5ah1k00j610154qdixd4qo","fieldName":"student"},{"_typeName":"User","id":"cjlw738yw06z201083d82md84","fieldName":"selfEvaluations"}],[{"_typeName":"StudentNote","id":"cjm0fbg0c1rrk01771eti6fcb","fieldName":"student"},{"_typeName":"User","id":"cjlzbm9xr0jie0199og3ai226","fieldName":"studentStudentNotes"}],[{"_typeName":"StudentNote","id":"cjm0fbm4v1rnu0194d5y3gwg1","fieldName":"student"},{"_typeName":"User","id":"cjlzbm9xr0jie0199og3ai226","fieldName":"studentStudentNotes"}],[{"_typeName":"StudentNote","id":"cjm4w0l0c0zj40198lp3p7q3o","fieldName":"student"},{"_typeName":"User","id":"cjlw738yw06z201083d82md84","fieldName":"studentStudentNotes"}],[{"_typeName":"StudentNote","id":"cjm523ys20inj01611mjka7ai","fieldName":"student"},{"_typeName":"User","id":"cjlzbm9xr0jie0199og3ai226","fieldName":"studentStudentNotes"}],[{"_typeName":"Subject","id":"cjlw7muv90bz30187m3f0fecv","fieldName":"students"},{"_typeName":"User","id":"cjlw738yw06z201083d82md84","fieldName":"studiesSubjects"}],[{"_typeName":"Subject","id":"cjlxowo200qlp0159kqv6rx7x","fieldName":"students"},{"_typeName":"User","id":"cjlw738yw06z201083d82md84","fieldName":"studiesSubjects"}],[{"_typeName":"Subject","id":"cjlw7p1lh0czy0184w73khy60","fieldName":"students"},{"_typeName":"User","id":"cjlw738yw06z201083d82md84","fieldName":"studiesSubjects"}],[{"_typeName":"Subject","id":"cjlw7qels0dgf0155gdwu0hyv","fieldName":"students"},{"_typeName":"User","id":"cjlw72r2m06ow0140pgjamrk6","fieldName":"studiesSubjects"}],[{"_typeName":"Subject","id":"cjlw7muv90bz30187m3f0fecv","fieldName":"students"},{"_typeName":"User","id":"cjlzbm9xr0jie0199og3ai226","fieldName":"studiesSubjects"}],[{"_typeName":"Subject","id":"cjlw7muv90bz30187m3f0fecv","fieldName":"area"},{"_typeName":"Area","id":"cjlw7aoy7090j01843qvtgjwv","fieldName":"subjects"}],[{"_typeName":"Subject","id":"cjlw7n7j60clp01550qidyuob","fieldName":"area"},{"_typeName":"Area","id":"cjlw7aoy7090j01843qvtgjwv","fieldName":"subjects"}],[{"_typeName":"Subject","id":"cjlw7p1lh0czy0184w73khy60","fieldName":"area"},{"_typeName":"Area","id":"cjlw7aoy7090j01843qvtgjwv","fieldName":"subjects"}],[{"_typeName":"Subject","id":"cjlw7p81y0cr10149ez8ytpcd","fieldName":"area"},{"_typeName":"Area","id":"cjlw7aoy7090j01843qvtgjwv","fieldName":"subjects"}],[{"_typeName":"Subject","id":"cjlw7qels0dgf0155gdwu0hyv","fieldName":"area"},{"_typeName":"Area","id":"cjlw7aysa08mb0122ck6tlnh4","fieldName":"subjects"}],[{"_typeName":"Subject","id":"cjlw7qmz90d0d01088qswkyhs","fieldName":"area"},{"_typeName":"Area","id":"cjlw7aysa08mb0122ck6tlnh4","fieldName":"subjects"}],[{"_typeName":"Subject","id":"cjlw7rk440ddq0149n4uy1h26","fieldName":"area"},{"_typeName":"Area","id":"cjlw7aysa08mb0122ck6tlnh4","fieldName":"subjects"}],[{"_typeName":"Subject","id":"cjlw7rv8o0d6t0198q7hiaud1","fieldName":"area"},{"_typeName":"Area","id":"cjlw7bwin08wx015857ult9ih","fieldName":"subjects"}],[{"_typeName":"Subject","id":"cjlw7s40u0dgc0108gyfi76w0","fieldName":"area"},{"_typeName":"Area","id":"cjlw7bwin08wx015857ult9ih","fieldName":"subjects"}],[{"_typeName":"Subject","id":"cjlw7t0r80dsd0187mo36xddi","fieldName":"area"},{"_typeName":"Area","id":"cjlw7bwin08wx015857ult9ih","fieldName":"subjects"}],[{"_typeName":"Subject","id":"cjlw7ta9p0dvn0187dq3jt8kt","fieldName":"area"},{"_typeName":"Area","id":"cjlw7c79m09fu01557fzf16m4","fieldName":"subjects"}],[{"_typeName":"Subject","id":"cjlw7tg6f0eaf01012u391w2q","fieldName":"area"},{"_typeName":"Area","id":"cjlw7c79m09fu01557fzf16m4","fieldName":"subjects"}],[{"_typeName":"Subject","id":"cjlw7tlgx0e320150kc8ohomn","fieldName":"area"},{"_typeName":"Area","id":"cjlw7c79m09fu01557fzf16m4","fieldName":"subjects"}],[{"_typeName":"Subject","id":"cjlw7tt7k0dx20140dpgjzqy8","fieldName":"area"},{"_typeName":"Area","id":"cjlw7c79m09fu01557fzf16m4","fieldName":"subjects"}],[{"_typeName":"Subject","id":"cjlw89ql20imy0149cdcs3ze0","fieldName":"area"},{"_typeName":"Area","id":"cjlw88xwq0ihy01986jjplx1o","fieldName":"subjects"}],[{"_typeName":"Subject","id":"cjlxowo200qlp0159kqv6rx7x","fieldName":"area"},{"_typeName":"Area","id":"cjlw7aoy7090j01843qvtgjwv","fieldName":"subjects"}],[{"_typeName":"Subject","id":"cjlxp8mrm0u570159adcx5tfp","fieldName":"area"},{"_typeName":"Area","id":"cjlw7aysa08mb0122ck6tlnh4","fieldName":"subjects"}],[{"_typeName":"Subject","id":"cjlxpkg740xmb010292c32rx9","fieldName":"area"},{"_typeName":"Area","id":"cjlw7bwin08wx015857ult9ih","fieldName":"subjects"}],[{"_typeName":"Competence","id":"cjlxoo8we0npe0158m5d90i3o","fieldName":"subject"},{"_typeName":"Subject","id":"cjlw7muv90bz30187m3f0fecv","fieldName":"competences"}],[{"_typeName":"Competence","id":"cjlxoonj20nsd0158dpllzq44","fieldName":"subject"},{"_typeName":"Subject","id":"cjlw7muv90bz30187m3f0fecv","fieldName":"competences"}],[{"_typeName":"Competence","id":"cjlxoovnu0p8p0114txvrcy7j","fieldName":"subject"},{"_typeName":"Subject","id":"cjlw7muv90bz30187m3f0fecv","fieldName":"competences"}],[{"_typeName":"Competence","id":"cjlxop3ef0ns101877wgyyaqu","fieldName":"subject"},{"_typeName":"Subject","id":"cjlw7muv90bz30187m3f0fecv","fieldName":"competences"}],[{"_typeName":"Competence","id":"cjlxopmja0ov90102522cx1if","fieldName":"subject"},{"_typeName":"Subject","id":"cjlw7n7j60clp01550qidyuob","fieldName":"competences"}],[{"_typeName":"Competence","id":"cjlxoptla0o6t0136fd09z2xi","fieldName":"subject"},{"_typeName":"Subject","id":"cjlw7n7j60clp01550qidyuob","fieldName":"competences"}],[{"_typeName":"Competence","id":"cjlxopxr40oe30140ycchrc4o","fieldName":"subject"},{"_typeName":"Subject","id":"cjlw7n7j60clp01550qidyuob","fieldName":"competences"}],[{"_typeName":"Competence","id":"cjlxoro1r0oj70187lkaxg2qu","fieldName":"subject"},{"_typeName":"Subject","id":"cjlw7n7j60clp01550qidyuob","fieldName":"competences"}],[{"_typeName":"Competence","id":"cjlxotwgt0pfo0192h8xbfz89","fieldName":"subject"},{"_typeName":"Subject","id":"cjlxowo200qlp0159kqv6rx7x","fieldName":"competences"}],[{"_typeName":"Competence","id":"cjlxotqbx0p7q0190t1qf3n4g","fieldName":"subject"},{"_typeName":"Subject","id":"cjlxowo200qlp0159kqv6rx7x","fieldName":"competences"}],[{"_typeName":"Competence","id":"cjlxotjcd0pj50136nrslz8bh","fieldName":"subject"},{"_typeName":"Subject","id":"cjlxowo200qlp0159kqv6rx7x","fieldName":"competences"}],[{"_typeName":"Competence","id":"cjlxotf5k0ps30159vftbohl1","fieldName":"subject"},{"_typeName":"Subject","id":"cjlxowo200qlp0159kqv6rx7x","fieldName":"competences"}],[{"_typeName":"Competence","id":"cjlxp0z3q0reb013624ibviwy","fieldName":"subject"},{"_typeName":"Subject","id":"cjlw7p1lh0czy0184w73khy60","fieldName":"competences"}],[{"_typeName":"Competence","id":"cjlxp16t80rb50140dfw6xmo8","fieldName":"subject"},{"_typeName":"Subject","id":"cjlw7p1lh0czy0184w73khy60","fieldName":"competences"}],[{"_typeName":"Competence","id":"cjlxp1jx20r0d0136hzrpgss1","fieldName":"subject"},{"_typeName":"Subject","id":"cjlw7p1lh0czy0184w73khy60","fieldName":"competences"}],[{"_typeName":"Competence","id":"cjlxp1p000rlh0136bukgvstr","fieldName":"subject"},{"_typeName":"Subject","id":"cjlw7p1lh0czy0184w73khy60","fieldName":"competences"}],[{"_typeName":"Competence","id":"cjlxp59r00tib0195csmy4tei","fieldName":"subject"},{"_typeName":"Subject","id":"cjlw7p81y0cr10149ez8ytpcd","fieldName":"competences"}],[{"_typeName":"Competence","id":"cjlxp5job0svq0158hdge7vba","fieldName":"subject"},{"_typeName":"Subject","id":"cjlw7p81y0cr10149ez8ytpcd","fieldName":"competences"}],[{"_typeName":"Competence","id":"cjlxp5ra20u2d0114pbohc61m","fieldName":"subject"},{"_typeName":"Subject","id":"cjlw7p81y0cr10149ez8ytpcd","fieldName":"competences"}],[{"_typeName":"Competence","id":"cjlxp5wev0tfw0159ty8rami9","fieldName":"subject"},{"_typeName":"Subject","id":"cjlw7p81y0cr10149ez8ytpcd","fieldName":"competences"}],[{"_typeName":"Competence","id":"cjlxp62uy0ta10163oyyl5l9l","fieldName":"subject"},{"_typeName":"Subject","id":"cjlw7p81y0cr10149ez8ytpcd","fieldName":"competences"}],[{"_typeName":"Competence","id":"cjlxp8y700tqy0166ok8nytzu","fieldName":"subject"},{"_typeName":"Subject","id":"cjlxp8mrm0u570159adcx5tfp","fieldName":"competences"}],[{"_typeName":"Competence","id":"cjlxp92qt0u2v01992upydj8w","fieldName":"subject"},{"_typeName":"Subject","id":"cjlxp8mrm0u570159adcx5tfp","fieldName":"competences"}],[{"_typeName":"Competence","id":"cjlxp97230taq0136w24cg39k","fieldName":"subject"},{"_typeName":"Subject","id":"cjlxp8mrm0u570159adcx5tfp","fieldName":"competences"}],[{"_typeName":"Competence","id":"cjlxp9b1o0ukc0195v09vyg0r","fieldName":"subject"},{"_typeName":"Subject","id":"cjlxp8mrm0u570159adcx5tfp","fieldName":"competences"}],[{"_typeName":"Competence","id":"cjlxp9eh30tyt0140xmju8lbc","fieldName":"subject"},{"_typeName":"Subject","id":"cjlxp8mrm0u570159adcx5tfp","fieldName":"competences"}],[{"_typeName":"Competence","id":"cjlxpa1j70u250166i5rlyq47","fieldName":"subject"},{"_typeName":"Subject","id":"cjlw7qels0dgf0155gdwu0hyv","fieldName":"competences"}],[{"_typeName":"Competence","id":"cjlxpa5ha0va3011473lx9vje","fieldName":"subject"},{"_typeName":"Subject","id":"cjlw7qels0dgf0155gdwu0hyv","fieldName":"competences"}],[{"_typeName":"Competence","id":"cjlxpaa8k0ujv0102im3gunux","fieldName":"subject"},{"_typeName":"Subject","id":"cjlw7qels0dgf0155gdwu0hyv","fieldName":"competences"}],[{"_typeName":"Competence","id":"cjlxpb7ni0ud50127m3qo0y9c","fieldName":"subject"},{"_typeName":"Subject","id":"cjlw7qmz90d0d01088qswkyhs","fieldName":"competences"}],[{"_typeName":"Competence","id":"cjlxpbe5q0unk0163f5061aq9","fieldName":"subject"},{"_typeName":"Subject","id":"cjlw7qmz90d0d01088qswkyhs","fieldName":"competences"}],[{"_typeName":"Competence","id":"cjlxpc9sm0v9d0195gyqkmdke","fieldName":"subject"},{"_typeName":"Subject","id":"cjlw7qmz90d0d01088qswkyhs","fieldName":"competences"}],[{"_typeName":"Competence","id":"cjlxpdo2v0veo0159fjne77sx","fieldName":"subject"},{"_typeName":"Subject","id":"cjlw7qmz90d0d01088qswkyhs","fieldName":"competences"}],[{"_typeName":"Competence","id":"cjlxpdsbv0up00190761rnfwc","fieldName":"subject"},{"_typeName":"Subject","id":"cjlw7qmz90d0d01088qswkyhs","fieldName":"competences"}],[{"_typeName":"Competence","id":"cjlxpevw90veb0140x0x9t7d0","fieldName":"subject"},{"_typeName":"Subject","id":"cjlw7rk440ddq0149n4uy1h26","fieldName":"competences"}],[{"_typeName":"Competence","id":"cjlxpf35r0vf40158fg264h7h","fieldName":"subject"},{"_typeName":"Subject","id":"cjlw7rk440ddq0149n4uy1h26","fieldName":"competences"}],[{"_typeName":"Competence","id":"cjlxpf5io0vt40159fpopvw2f","fieldName":"subject"},{"_typeName":"Subject","id":"cjlw7rk440ddq0149n4uy1h26","fieldName":"competences"}],[{"_typeName":"Competence","id":"cjlxpg4dy0wh80195okdljaeu","fieldName":"subject"},{"_typeName":"Subject","id":"cjlw7rv8o0d6t0198q7hiaud1","fieldName":"competences"}],[{"_typeName":"Competence","id":"cjlxpg9eb0vbv0136ouo9jpji","fieldName":"subject"},{"_typeName":"Subject","id":"cjlw7rv8o0d6t0198q7hiaud1","fieldName":"competences"}],[{"_typeName":"Competence","id":"cjlxpgd260x090114fqx1x0wr","fieldName":"subject"},{"_typeName":"Subject","id":"cjlw7rv8o0d6t0198q7hiaud1","fieldName":"competences"}],[{"_typeName":"Competence","id":"cjlxpgh2q0w4n0156w2pbxbt2","fieldName":"subject"},{"_typeName":"Subject","id":"cjlw7rv8o0d6t0198q7hiaud1","fieldName":"competences"}],[{"_typeName":"Competence","id":"cjlxphp250wh30163ukkfauvi","fieldName":"subject"},{"_typeName":"Subject","id":"cjlw7s40u0dgc0108gyfi76w0","fieldName":"competences"}],[{"_typeName":"Competence","id":"cjlxphtyk0wp30199u23uf5gl","fieldName":"subject"},{"_typeName":"Subject","id":"cjlw7s40u0dgc0108gyfi76w0","fieldName":"competences"}],[{"_typeName":"Competence","id":"cjlxphxnb0we30166pizvi02b","fieldName":"subject"},{"_typeName":"Subject","id":"cjlw7s40u0dgc0108gyfi76w0","fieldName":"competences"}],[{"_typeName":"Competence","id":"cjlxpi1cs0wsc0102vo18udn3","fieldName":"subject"},{"_typeName":"Subject","id":"cjlw7s40u0dgc0108gyfi76w0","fieldName":"competences"}],[{"_typeName":"Competence","id":"cjlxpi5wk0vr10187klnqih1l","fieldName":"subject"},{"_typeName":"Subject","id":"cjlw7s40u0dgc0108gyfi76w0","fieldName":"competences"}],[{"_typeName":"Competence","id":"cjlxpl2hp0ym401149dnq6v06","fieldName":"subject"},{"_typeName":"Subject","id":"cjlxpkg740xmb010292c32rx9","fieldName":"competences"}],[{"_typeName":"Competence","id":"cjlxpl8zl0wzr0136ik7s6ijr","fieldName":"subject"},{"_typeName":"Subject","id":"cjlxpkg740xmb010292c32rx9","fieldName":"competences"}],[{"_typeName":"Competence","id":"cjlxpldrh0xdl0127y9eo1fia","fieldName":"subject"},{"_typeName":"Subject","id":"cjlxpkg740xmb010292c32rx9","fieldName":"competences"}],[{"_typeName":"Competence","id":"cjlxplhb80x5p0190pt1n1myx","fieldName":"subject"},{"_typeName":"Subject","id":"cjlxpkg740xmb010292c32rx9","fieldName":"competences"}],[{"_typeName":"Competence","id":"cjlxplyup0xng0166j97h4xds","fieldName":"subject"},{"_typeName":"Subject","id":"cjlw7t0r80dsd0187mo36xddi","fieldName":"competences"}],[{"_typeName":"Competence","id":"cjlxpm3fe0wzl0187uqiyfadx","fieldName":"subject"},{"_typeName":"Subject","id":"cjlw7t0r80dsd0187mo36xddi","fieldName":"competences"}],[{"_typeName":"Competence","id":"cjlxpm7cd0y1x0156iwouv84d","fieldName":"subject"},{"_typeName":"Subject","id":"cjlw7t0r80dsd0187mo36xddi","fieldName":"competences"}],[{"_typeName":"Competence","id":"cjlxpmbkf0xfi0192127fuqhq","fieldName":"subject"},{"_typeName":"Subject","id":"cjlw7t0r80dsd0187mo36xddi","fieldName":"competences"}],[{"_typeName":"Competence","id":"cjlxpolaj0ywd0102h1eo8806","fieldName":"subject"},{"_typeName":"Subject","id":"cjlw7ta9p0dvn0187dq3jt8kt","fieldName":"competences"}],[{"_typeName":"Competence","id":"cjlxpoql50yzx0199g1kv7frk","fieldName":"subject"},{"_typeName":"Subject","id":"cjlw7ta9p0dvn0187dq3jt8kt","fieldName":"competences"}],[{"_typeName":"Competence","id":"cjlxpoukb0yp0015877s60sxm","fieldName":"subject"},{"_typeName":"Subject","id":"cjlw7ta9p0dvn0187dq3jt8kt","fieldName":"competences"}],[{"_typeName":"Competence","id":"cjlxpp9vv0yyj01594oggd8ha","fieldName":"subject"},{"_typeName":"Subject","id":"cjlw7tg6f0eaf01012u391w2q","fieldName":"competences"}],[{"_typeName":"Competence","id":"cjlxppekd0xxx0187shr7qtl3","fieldName":"subject"},{"_typeName":"Subject","id":"cjlw7tg6f0eaf01012u391w2q","fieldName":"competences"}],[{"_typeName":"Competence","id":"cjlxppixu0yyc01560vtw2lbt","fieldName":"subject"},{"_typeName":"Subject","id":"cjlw7tg6f0eaf01012u391w2q","fieldName":"competences"}],[{"_typeName":"Competence","id":"cjlxppwwv0z3f01597io35y0a","fieldName":"subject"},{"_typeName":"Subject","id":"cjlw7tlgx0e320150kc8ohomn","fieldName":"competences"}],[{"_typeName":"Competence","id":"cjlxpq0z30yzk013654jpcnsu","fieldName":"subject"},{"_typeName":"Subject","id":"cjlw7tlgx0e320150kc8ohomn","fieldName":"competences"}],[{"_typeName":"Competence","id":"cjlxpq5na0yww014028l7uf56","fieldName":"subject"},{"_typeName":"Subject","id":"cjlw7tlgx0e320150kc8ohomn","fieldName":"competences"}],[{"_typeName":"Competence","id":"cjlxpqnim107e0114ydusxg09","fieldName":"subject"},{"_typeName":"Subject","id":"cjlw7tt7k0dx20140dpgjzqy8","fieldName":"competences"}],[{"_typeName":"Competence","id":"cjlxpqs810zes0102lvrriwhr","fieldName":"subject"},{"_typeName":"Subject","id":"cjlw7tt7k0dx20140dpgjzqy8","fieldName":"competences"}],[{"_typeName":"Competence","id":"cjlxpqw56109o0114y2kkr4s8","fieldName":"subject"},{"_typeName":"Subject","id":"cjlw7tt7k0dx20140dpgjzqy8","fieldName":"competences"}],[{"_typeName":"Project","id":"cjlxstr1q0cgt0124hvvs72b4","fieldName":"subject"},{"_typeName":"Subject","id":"cjlw89ql20imy0149cdcs3ze0","fieldName":"projects"}],[{"_typeName":"Project","id":"cjlxt33t70f0w0193ivm57yzb","fieldName":"subject"},{"_typeName":"Subject","id":"cjlw7muv90bz30187m3f0fecv","fieldName":"projects"}],[{"_typeName":"Project","id":"cjlxtcsw20hak0185seabjq9n","fieldName":"subject"},{"_typeName":"Subject","id":"cjlw7muv90bz30187m3f0fecv","fieldName":"projects"}],[{"_typeName":"Project","id":"cjlzbuzm90m4l01612oai97r2","fieldName":"subject"},{"_typeName":"Subject","id":"cjlw7muv90bz30187m3f0fecv","fieldName":"projects"}],[{"_typeName":"Project","id":"cjm0fc6rz1s4j0190iuxqwiwy","fieldName":"subject"},{"_typeName":"Subject","id":"cjlw7muv90bz30187m3f0fecv","fieldName":"projects"}],[{"_typeName":"Project","id":"cjm1y4a840p3e0116vbhcgq37","fieldName":"subject"},{"_typeName":"Subject","id":"cjlw7muv90bz30187m3f0fecv","fieldName":"projects"}],[{"_typeName":"Project","id":"cjm1y4txp0p580178d1dcuyuc","fieldName":"subject"},{"_typeName":"Subject","id":"cjlw7muv90bz30187m3f0fecv","fieldName":"projects"}],[{"_typeName":"Project","id":"cjm26jbl70fze0190xlfkbcdo","fieldName":"subject"},{"_typeName":"Subject","id":"cjlw7p1lh0czy0184w73khy60","fieldName":"projects"}],[{"_typeName":"Project","id":"cjm4vhzlt0uzr0160i8cnwad7","fieldName":"subject"},{"_typeName":"Subject","id":"cjlw7muv90bz30187m3f0fecv","fieldName":"projects"}],[{"_typeName":"Project","id":"cjlxstr1q0cgt0124hvvs72b4","fieldName":"teacher"},{"_typeName":"User","id":"cjlw6y9ez05ys0133ssmfsu8a","fieldName":"teachesProjects"}],[{"_typeName":"Project","id":"cjlxt33t70f0w0193ivm57yzb","fieldName":"teacher"},{"_typeName":"User","id":"cjlw6y9ez05ys0133ssmfsu8a","fieldName":"teachesProjects"}],[{"_typeName":"Project","id":"cjlxtcsw20hak0185seabjq9n","fieldName":"teacher"},{"_typeName":"User","id":"cjlw6y9ez05ys0133ssmfsu8a","fieldName":"teachesProjects"}],[{"_typeName":"Project","id":"cjlzbuzm90m4l01612oai97r2","fieldName":"teacher"},{"_typeName":"User","id":"cjlw72r2m06ow0140pgjamrk6","fieldName":"teachesProjects"}],[{"_typeName":"Project","id":"cjm0fc6rz1s4j0190iuxqwiwy","fieldName":"teacher"},{"_typeName":"User","id":"cjlw72r2m06ow0140pgjamrk6","fieldName":"teachesProjects"}],[{"_typeName":"Project","id":"cjm1y4a840p3e0116vbhcgq37","fieldName":"teacher"},{"_typeName":"User","id":"cjlw6y9ez05ys0133ssmfsu8a","fieldName":"teachesProjects"}],[{"_typeName":"Project","id":"cjm1y4txp0p580178d1dcuyuc","fieldName":"teacher"},{"_typeName":"User","id":"cjlw6y9ez05ys0133ssmfsu8a","fieldName":"teachesProjects"}],[{"_typeName":"Project","id":"cjm26jbl70fze0190xlfkbcdo","fieldName":"teacher"},{"_typeName":"User","id":"cjlw6y9ez05ys0133ssmfsu8a","fieldName":"teachesProjects"}],[{"_typeName":"Project","id":"cjm4vhzlt0uzr0160i8cnwad7","fieldName":"teacher"},{"_typeName":"User","id":"cjlw6y9ez05ys0133ssmfsu8a","fieldName":"teachesProjects"}],[{"_typeName":"StudentNote","id":"cjm0fbg0c1rrk01771eti6fcb","fieldName":"teacher"},{"_typeName":"User","id":"cjlw72r2m06ow0140pgjamrk6","fieldName":"teacherStudentNotes"}],[{"_typeName":"StudentNote","id":"cjm0fbm4v1rnu0194d5y3gwg1","fieldName":"teacher"},{"_typeName":"User","id":"cjlw72r2m06ow0140pgjamrk6","fieldName":"teacherStudentNotes"}],[{"_typeName":"StudentNote","id":"cjm4w0l0c0zj40198lp3p7q3o","fieldName":"teacher"},{"_typeName":"User","id":"cjlw6y9ez05ys0133ssmfsu8a","fieldName":"teacherStudentNotes"}],[{"_typeName":"StudentNote","id":"cjm523ys20inj01611mjka7ai","fieldName":"teacher"},{"_typeName":"User","id":"cjlw6y9ez05ys0133ssmfsu8a","fieldName":"teacherStudentNotes"}],[{"_typeName":"Subject","id":"cjlw7muv90bz30187m3f0fecv","fieldName":"teachers"},{"_typeName":"User","id":"cjlw6y9ez05ys0133ssmfsu8a","fieldName":"teachesSubjects"}],[{"_typeName":"Subject","id":"cjlw89ql20imy0149cdcs3ze0","fieldName":"teachers"},{"_typeName":"User","id":"cjlw6y9ez05ys0133ssmfsu8a","fieldName":"teachesSubjects"}],[{"_typeName":"Subject","id":"cjlw7qels0dgf0155gdwu0hyv","fieldName":"teachers"},{"_typeName":"User","id":"cjlw6y9ez05ys0133ssmfsu8a","fieldName":"teachesSubjects"}],[{"_typeName":"Subject","id":"cjlw7ta9p0dvn0187dq3jt8kt","fieldName":"teachers"},{"_typeName":"User","id":"cjlw6y9ez05ys0133ssmfsu8a","fieldName":"teachesSubjects"}],[{"_typeName":"Subject","id":"cjlw7muv90bz30187m3f0fecv","fieldName":"teachers"},{"_typeName":"User","id":"cjlw72r2m06ow0140pgjamrk6","fieldName":"teachesSubjects"}],[{"_typeName":"Subject","id":"cjlw7p1lh0czy0184w73khy60","fieldName":"teachers"},{"_typeName":"User","id":"cjlw6y9ez05ys0133ssmfsu8a","fieldName":"teachesSubjects"}],[{"_typeName":"TutorLevels","id":"cjlxrnjg6023l0199oseqlayf","fieldName":"subject"},{"_typeName":"Subject","id":"cjlw7muv90bz30187m3f0fecv","fieldName":"tutorLevels"}],[{"_typeName":"TutorLevels","id":"cjlxskoxi09yc0191n80mjmce","fieldName":"subject"},{"_typeName":"Subject","id":"cjlw89ql20imy0149cdcs3ze0","fieldName":"tutorLevels"}],[{"_typeName":"TutorLevels","id":"cjlxsp19p0bcn0124bfoyq3xo","fieldName":"subject"},{"_typeName":"Subject","id":"cjlw7qels0dgf0155gdwu0hyv","fieldName":"tutorLevels"}],[{"_typeName":"TutorLevels","id":"cjlzbilzx0idc0113cpkheq32","fieldName":"subject"},{"_typeName":"Subject","id":"cjlw7muv90bz30187m3f0fecv","fieldName":"tutorLevels"}],[{"_typeName":"TutorLevels","id":"cjlxrnjg6023l0199oseqlayf","fieldName":"teacher"},{"_typeName":"User","id":"cjlw6y9ez05ys0133ssmfsu8a","fieldName":"tutorLevels"}],[{"_typeName":"TutorLevels","id":"cjlxskoxi09yc0191n80mjmce","fieldName":"teacher"},{"_typeName":"User","id":"cjlw6y9ez05ys0133ssmfsu8a","fieldName":"tutorLevels"}],[{"_typeName":"TutorLevels","id":"cjlxsp19p0bcn0124bfoyq3xo","fieldName":"teacher"},{"_typeName":"User","id":"cjlw6y9ez05ys0133ssmfsu8a","fieldName":"tutorLevels"}],[{"_typeName":"TutorLevels","id":"cjlzbilzx0idc0113cpkheq32","fieldName":"teacher"},{"_typeName":"User","id":"cjlw72r2m06ow0140pgjamrk6","fieldName":"tutorLevels"}]]}