{"valueType":"nodes","values":[{"name":"Naturwissenschaftlicher Bereich","updatedAt":"2018-09-10T11:25:20.000Z","_typeName":"Area","slug":"naturwissenschaft","id":"cjlw7aoy7090j01843qvtgjwv","createdAt":"2018-09-10T11:25:20.000Z"},{"name":"Welterkundung","updatedAt":"2018-09-10T11:25:33.000Z","_typeName":"Area","slug":"welterkundung","id":"cjlw7aysa08mb0122ck6tlnh4","createdAt":"2018-09-10T11:25:33.000Z"},{"name":"Sprachlicher Bereich","updatedAt":"2018-09-10T11:26:17.000Z","_typeName":"Area","slug":"sprache","id":"cjlw7bwin08wx015857ult9ih","createdAt":"2018-09-10T11:26:17.000Z"},{"name":"Sportlicher + Künstlerischer Bereich","updatedAt":"2018-09-10T11:26:31.000Z","_typeName":"Area","slug":"sport-kunst","id":"cjlw7c79m09fu01557fzf16m4","createdAt":"2018-09-10T11:26:31.000Z"},{"name":"Space Station","updatedAt":"2018-09-10T11:51:59.000Z","_typeName":"Area","slug":"space-station","id":"cjlw88xwq0ihy01986jjplx1o","createdAt":"2018-09-10T11:51:59.000Z"},{"name":"Erkenntnisgewinnung","updatedAt":"2018-09-11T14:31:49.000Z","_typeName":"Competence","slug":"bio-1","id":"cjlxoo8we0npe0158m5d90i3o","createdAt":"2018-09-11T12:19:32.000Z"},{"name":"Kommunikation","updatedAt":"2018-09-11T12:19:51.000Z","_typeName":"Competence","slug":"bio-2","id":"cjlxoonj20nsd0158dpllzq44","createdAt":"2018-09-11T12:19:51.000Z"},{"name":"Themen","updatedAt":"2018-09-11T12:20:02.000Z","_typeName":"Competence","slug":"bio-3","id":"cjlxoovnu0p8p0114txvrcy7j","createdAt":"2018-09-11T12:20:02.000Z"},{"name":"Inhalte und Fachbegriffe","updatedAt":"2018-09-11T12:20:12.000Z","_typeName":"Competence","slug":"bio-4","id":"cjlxop3ef0ns101877wgyyaqu","createdAt":"2018-09-11T12:20:12.000Z"},{"name":"Erkenntnisgewinnung","updatedAt":"2018-09-11T12:20:37.000Z","_typeName":"Competence","slug":"chemie-1","id":"cjlxopmja0ov90102522cx1if","createdAt":"2018-09-11T12:20:37.000Z"},{"name":"Kommunikation","updatedAt":"2018-09-11T12:20:46.000Z","_typeName":"Competence","slug":"chemie-2","id":"cjlxoptla0o6t0136fd09z2xi","createdAt":"2018-09-11T12:20:46.000Z"},{"name":"Themen","updatedAt":"2018-09-11T12:20:51.000Z","_typeName":"Competence","slug":"chemie-3","id":"cjlxopxr40oe30140ycchrc4o","createdAt":"2018-09-11T12:20:51.000Z"},{"name":"Inhalte und Fachbegriffe","updatedAt":"2018-09-11T12:22:12.000Z","_typeName":"Competence","slug":"chemie-4","id":"cjlxoro1r0oj70187lkaxg2qu","createdAt":"2018-09-11T12:22:12.000Z"},{"name":"Erkenntnisgewinnung","updatedAt":"2018-09-11T12:23:34.000Z","_typeName":"Competence","slug":"physik-1","id":"cjlxotf5k0ps30159vftbohl1","createdAt":"2018-09-11T12:23:34.000Z"},{"name":"Kommunikation","updatedAt":"2018-09-11T12:23:39.000Z","_typeName":"Competence","slug":"physik-2","id":"cjlxotjcd0pj50136nrslz8bh","createdAt":"2018-09-11T12:23:39.000Z"},{"name":"Themen","updatedAt":"2018-09-11T12:23:48.000Z","_typeName":"Competence","slug":"physik-3","id":"cjlxotqbx0p7q0190t1qf3n4g","createdAt":"2018-09-11T12:23:48.000Z"},{"name":"Inhalte und Fachbegriffe","updatedAt":"2018-09-11T12:23:56.000Z","_typeName":"Competence","slug":"physik-4","id":"cjlxotwgt0pfo0192h8xbfz89","createdAt":"2018-09-11T12:23:56.000Z"},{"name":"Ich Rechne","updatedAt":"2018-09-11T12:29:26.000Z","_typeName":"Competence","slug":"mathe-1","id":"cjlxp0z3q0reb013624ibviwy","createdAt":"2018-09-11T12:29:26.000Z"},{"name":"Ich Vergleiche","updatedAt":"2018-09-11T12:29:36.000Z","_typeName":"Competence","slug":"mathe-2","id":"cjlxp16t80rb50140dfw6xmo8","createdAt":"2018-09-11T12:29:36.000Z"},{"name":"Ich Messe","updatedAt":"2018-09-11T12:29:53.000Z","_typeName":"Competence","slug":"mathe-3","id":"cjlxp1jx20r0d0136hzrpgss1","createdAt":"2018-09-11T12:29:53.000Z"},{"name":"Ich Zähle","updatedAt":"2018-09-11T12:30:00.000Z","_typeName":"Competence","slug":"mathe-4","id":"cjlxp1p000rlh0136bukgvstr","createdAt":"2018-09-11T12:30:00.000Z"},{"name":"Mit Informationen umgehen","updatedAt":"2018-09-11T12:32:47.000Z","_typeName":"Competence","slug":"informatik-1","id":"cjlxp59r00tib0195csmy4tei","createdAt":"2018-09-11T12:32:47.000Z"},{"name":"Informatiksysteme verstehen — Wirkungen erkennen","updatedAt":"2018-09-11T12:32:59.000Z","_typeName":"Competence","slug":"informatik-2","id":"cjlxp5job0svq0158hdge7vba","createdAt":"2018-09-11T12:32:59.000Z"},{"name":"Modelle erstellen und bewerten","updatedAt":"2018-09-11T12:33:09.000Z","_typeName":"Competence","slug":"informatik-3","id":"cjlxp5ra20u2d0114pbohc61m","createdAt":"2018-09-11T12:33:09.000Z"},{"name":"Probleme erfassen und mit Informatiksystemen lösen","updatedAt":"2018-09-11T12:33:16.000Z","_typeName":"Competence","slug":"informatik-4","id":"cjlxp5wev0tfw0159ty8rami9","createdAt":"2018-09-11T12:33:16.000Z"},{"name":"Kommunizieren und Kooperieren","updatedAt":"2018-09-11T12:33:24.000Z","_typeName":"Competence","slug":"informatik-5","id":"cjlxp62uy0ta10163oyyl5l9l","createdAt":"2018-09-11T12:33:24.000Z"},{"name":"Deuten","updatedAt":"2018-09-11T12:35:38.000Z","_typeName":"Competence","slug":"politik-1","id":"cjlxp8y700tqy0166ok8nytzu","createdAt":"2018-09-11T12:35:38.000Z"},{"name":"Analysieren","updatedAt":"2018-09-11T12:35:44.000Z","_typeName":"Competence","slug":"politik-2","id":"cjlxp92qt0u2v01992upydj8w","createdAt":"2018-09-11T12:35:44.000Z"},{"name":"Methoden anwenden","updatedAt":"2018-09-11T12:35:50.000Z","_typeName":"Competence","slug":"politik-3","id":"cjlxp97230taq0136w24cg39k","createdAt":"2018-09-11T12:35:50.000Z"},{"name":"Urteilen","updatedAt":"2018-09-11T12:35:55.000Z","_typeName":"Competence","slug":"politik-4","id":"cjlxp9b1o0ukc0195v09vyg0r","createdAt":"2018-09-11T12:35:55.000Z"},{"name":"Darstellen","updatedAt":"2018-09-11T12:35:59.000Z","_typeName":"Competence","slug":"politik-5","id":"cjlxp9eh30tyt0140xmju8lbc","createdAt":"2018-09-11T12:35:59.000Z"},{"name":"Selbstkenntnis","updatedAt":"2018-09-11T12:36:29.000Z","_typeName":"Competence","slug":"ethik-1","id":"cjlxpa1j70u250166i5rlyq47","createdAt":"2018-09-11T12:36:29.000Z"},{"name":"Dialogbereitschaft","updatedAt":"2018-09-11T12:36:34.000Z","_typeName":"Competence","slug":"ethik-2","id":"cjlxpa5ha0va3011473lx9vje","createdAt":"2018-09-11T12:36:34.000Z"},{"name":"Bezogenheit","updatedAt":"2018-09-11T12:36:40.000Z","_typeName":"Competence","slug":"ethik-3","id":"cjlxpaa8k0ujv0102im3gunux","createdAt":"2018-09-11T12:36:40.000Z"},{"name":"Sich orientieren","updatedAt":"2018-09-11T12:37:24.000Z","_typeName":"Competence","slug":"geografie-1","id":"cjlxpb7ni0ud50127m3qo0y9c","createdAt":"2018-09-11T12:37:24.000Z"},{"name":"Systeme erschließen","updatedAt":"2018-09-11T12:37:46.000Z","_typeName":"Competence","slug":"geografie-2","id":"cjlxpbe5q0unk0163f5061aq9","createdAt":"2018-09-11T12:37:32.000Z"},{"name":"Methoden anwenden","updatedAt":"2018-09-11T12:38:13.000Z","_typeName":"Competence","slug":"geografie-3","id":"cjlxpc9sm0v9d0195gyqkmdke","createdAt":"2018-09-11T12:38:13.000Z"},{"name":"Kommunizieren","updatedAt":"2018-09-11T12:39:18.000Z","_typeName":"Competence","slug":"geografie-4","id":"cjlxpdo2v0veo0159fjne77sx","createdAt":"2018-09-11T12:39:18.000Z"},{"name":"Urteilen","updatedAt":"2018-09-11T12:39:24.000Z","_typeName":"Competence","slug":"geografie-5","id":"cjlxpdsbv0up00190761rnfwc","createdAt":"2018-09-11T12:39:24.000Z"},{"name":"Sachkompetenz","updatedAt":"2018-09-11T12:40:15.000Z","_typeName":"Competence","slug":"wat-1","id":"cjlxpevw90veb0140x0x9t7d0","createdAt":"2018-09-11T12:40:15.000Z"},{"name":"Methodenkompetenz","updatedAt":"2018-09-11T12:40:25.000Z","_typeName":"Competence","slug":"wat-2","id":"cjlxpf35r0vf40158fg264h7h","createdAt":"2018-09-11T12:40:25.000Z"},{"name":"Personale und soziale Kompetenz","updatedAt":"2018-09-11T12:40:28.000Z","_typeName":"Competence","slug":"wat-3","id":"cjlxpf5io0vt40159fpopvw2f","createdAt":"2018-09-11T12:40:28.000Z"},{"name":"Richtig schreiben","updatedAt":"2018-09-11T12:41:13.000Z","_typeName":"Competence","slug":"deutsch-1","id":"cjlxpg4dy0wh80195okdljaeu","createdAt":"2018-09-11T12:41:13.000Z"},{"name":"Worte","updatedAt":"2018-09-11T12:41:19.000Z","_typeName":"Competence","slug":"deutsch-2","id":"cjlxpg9eb0vbv0136ouo9jpji","createdAt":"2018-09-11T12:41:19.000Z"},{"name":"Sätze","updatedAt":"2018-09-11T12:41:24.000Z","_typeName":"Competence","slug":"deutsch-3","id":"cjlxpgd260x090114fqx1x0wr","createdAt":"2018-09-11T12:41:24.000Z"},{"name":"Texte","updatedAt":"2018-09-11T12:41:29.000Z","_typeName":"Competence","slug":"deutsch-4","id":"cjlxpgh2q0w4n0156w2pbxbt2","createdAt":"2018-09-11T12:41:29.000Z"},{"name":"Hören und Sehen","updatedAt":"2018-09-11T12:42:26.000Z","_typeName":"Competence","slug":"englisch-1","id":"cjlxphp250wh30163ukkfauvi","createdAt":"2018-09-11T12:42:26.000Z"},{"name":"Lesen","updatedAt":"2018-09-11T12:42:33.000Z","_typeName":"Competence","slug":"englisch-2","id":"cjlxphtyk0wp30199u23uf5gl","createdAt":"2018-09-11T12:42:33.000Z"},{"name":"Schreiben","updatedAt":"2018-09-11T12:42:37.000Z","_typeName":"Competence","slug":"englisch-3","id":"cjlxphxnb0we30166pizvi02b","createdAt":"2018-09-11T12:42:37.000Z"},{"name":"Sprechen","updatedAt":"2018-09-11T12:42:42.000Z","_typeName":"Competence","slug":"englisch-4","id":"cjlxpi1cs0wsc0102vo18udn3","createdAt":"2018-09-11T12:42:42.000Z"},{"name":"Sprachmittlung/Mediation","updatedAt":"2018-09-11T12:42:48.000Z","_typeName":"Competence","slug":"englisch-5","id":"cjlxpi5wk0vr10187klnqih1l","createdAt":"2018-09-11T12:42:48.000Z"},{"name":"Hören, Verstehen","updatedAt":"2018-09-11T12:45:04.000Z","_typeName":"Competence","slug":"franzoesisch-1","id":"cjlxpl2hp0ym401149dnq6v06","createdAt":"2018-09-11T12:45:04.000Z"},{"name":"Lesen, Verstehen","updatedAt":"2018-09-11T12:45:12.000Z","_typeName":"Competence","slug":"franzoesisch-2","id":"cjlxpl8zl0wzr0136ik7s6ijr","createdAt":"2018-09-11T12:45:12.000Z"},{"name":"Sprechen","updatedAt":"2018-09-11T12:45:18.000Z","_typeName":"Competence","slug":"franzoesisch-3","id":"cjlxpldrh0xdl0127y9eo1fia","createdAt":"2018-09-11T12:45:18.000Z"},{"name":"Schreiben","updatedAt":"2018-09-11T12:45:23.000Z","_typeName":"Competence","slug":"franzoesisch-4","id":"cjlxplhb80x5p0190pt1n1myx","createdAt":"2018-09-11T12:45:23.000Z"},{"name":"Hören, Verstehen","updatedAt":"2018-09-11T12:45:46.000Z","_typeName":"Competence","slug":"spanisch-1","id":"cjlxplyup0xng0166j97h4xds","createdAt":"2018-09-11T12:45:46.000Z"},{"name":"Lesen, Verstehen","updatedAt":"2018-09-11T12:45:51.000Z","_typeName":"Competence","slug":"spanisch-2","id":"cjlxpm3fe0wzl0187uqiyfadx","createdAt":"2018-09-11T12:45:51.000Z"},{"name":"Sprechen","updatedAt":"2018-09-11T12:45:57.000Z","_typeName":"Competence","slug":"spanisch-3","id":"cjlxpm7cd0y1x0156iwouv84d","createdAt":"2018-09-11T12:45:57.000Z"},{"name":"Schreiben","updatedAt":"2018-09-11T12:46:02.000Z","_typeName":"Competence","slug":"spanisch-4","id":"cjlxpmbkf0xfi0192127fuqhq","createdAt":"2018-09-11T12:46:02.000Z"},{"name":"Wahrnehmen und Verstehen","updatedAt":"2018-09-11T12:47:48.000Z","_typeName":"Competence","slug":"musik-1","id":"cjlxpolaj0ywd0102h1eo8806","createdAt":"2018-09-11T12:47:48.000Z"},{"name":"Gestalten","updatedAt":"2018-09-11T12:47:55.000Z","_typeName":"Competence","slug":"musik-2","id":"cjlxpoql50yzx0199g1kv7frk","createdAt":"2018-09-11T12:47:55.000Z"},{"name":"Nachdenken über Musik","updatedAt":"2018-09-11T12:48:00.000Z","_typeName":"Competence","slug":"musik-3","id":"cjlxpoukb0yp0015877s60sxm","createdAt":"2018-09-11T12:48:00.000Z"},{"name":"Wahrnehmen","updatedAt":"2018-09-12T15:11:46.000Z","_typeName":"Competence","slug":"kunst-1","id":"cjlxpp9vv0yyj01594oggd8ha","createdAt":"2018-09-11T12:48:20.000Z"},{"name":"Gestalten","updatedAt":"2018-09-12T15:11:56.000Z","_typeName":"Competence","slug":"kunst-2","id":"cjlxppekd0xxx0187shr7qtl3","createdAt":"2018-09-11T12:48:26.000Z"},{"name":"Reflektieren","updatedAt":"2018-09-12T15:12:09.000Z","_typeName":"Competence","slug":"kunst-3","id":"cjlxppixu0yyc01560vtw2lbt","createdAt":"2018-09-11T12:48:32.000Z"},{"name":"Bewegungsformen","updatedAt":"2018-09-11T12:48:50.000Z","_typeName":"Competence","slug":"sport-1","id":"cjlxppwwv0z3f01597io35y0a","createdAt":"2018-09-11T12:48:50.000Z"},{"name":"Techniken/Gegelspiele","updatedAt":"2018-09-11T12:48:55.000Z","_typeName":"Competence","slug":"sport-2","id":"cjlxpq0z30yzk013654jpcnsu","createdAt":"2018-09-11T12:48:55.000Z"},{"name":"Soziale/emotionale Kompetenzen","updatedAt":"2018-09-11T12:49:01.000Z","_typeName":"Competence","slug":"sport-3","id":"cjlxpq5na0yww014028l7uf56","createdAt":"2018-09-11T12:49:01.000Z"},{"name":"Wahrnehmung","updatedAt":"2018-09-11T12:49:24.000Z","_typeName":"Competence","slug":"theater-1","id":"cjlxpqnim107e0114ydusxg09","createdAt":"2018-09-11T12:49:24.000Z"},{"name":"Gestalten","updatedAt":"2018-09-11T12:49:30.000Z","_typeName":"Competence","slug":"theater-2","id":"cjlxpqs810zes0102lvrriwhr","createdAt":"2018-09-11T12:49:30.000Z"},{"name":"Reflektieren und Teilhaben","updatedAt":"2018-09-11T12:49:35.000Z","_typeName":"Competence","slug":"theater-3","id":"cjlxpqw56109o0114y2kkr4s8","createdAt":"2018-09-11T12:49:35.000Z"},{"updatedAt":"2018-09-11T16:11:24.000Z","_typeName":"Evaluation","id":"cjlxtejsb0ik20191c7l42s10","createdAt":"2018-09-11T14:31:58.000Z","value":8,"level":"BK"},{"updatedAt":"2018-09-11T14:32:06.000Z","_typeName":"Evaluation","id":"cjlxteqaw0ijk0162hutrws29","createdAt":"2018-09-11T14:32:06.000Z","value":4,"level":"BK"},{"updatedAt":"2018-09-16T16:10:17.000Z","_typeName":"Evaluation","id":"cjm0ffkf81tiv0161v0vpzm3x","createdAt":"2018-09-13T10:24:09.000Z","value":7,"level":"GK"},{"updatedAt":"2018-09-14T16:08:33.000Z","_typeName":"Evaluation","id":"cjm276bcy0l350113e7chp1qz","createdAt":"2018-09-14T16:08:33.000Z","value":10,"level":"GK"},{"updatedAt":"2018-09-16T13:15:49.000Z","_typeName":"Evaluation","id":"cjm276g8q0vbc01999dqumkd4","createdAt":"2018-09-14T16:08:39.000Z","value":9,"level":"BK"},{"updatedAt":"2018-09-14T16:08:44.000Z","_typeName":"Evaluation","id":"cjm276jtx0i940102lw6q0y9t","createdAt":"2018-09-14T16:08:44.000Z","value":4,"level":"BK"},{"updatedAt":"2018-09-14T16:08:53.000Z","_typeName":"Evaluation","id":"cjm276q3u0k290165pcnlg2ox","createdAt":"2018-09-14T16:08:53.000Z","value":4,"level":"AK1"},{"updatedAt":"2018-09-14T16:09:01.000Z","_typeName":"Evaluation","id":"cjm276x7j0vee0199tht9y7ra","createdAt":"2018-09-14T16:09:01.000Z","value":4,"level":"GK"},{"updatedAt":"2018-09-14T16:09:08.000Z","_typeName":"Evaluation","id":"cjm27724z0k5d016555ihthos","createdAt":"2018-09-14T16:09:08.000Z","value":3,"level":"AK2"},{"updatedAt":"2018-09-14T16:09:13.000Z","_typeName":"Evaluation","id":"cjm27767x0k5a0172qw2s9fj6","createdAt":"2018-09-14T16:09:13.000Z","value":2,"level":"AK2"},{"updatedAt":"2018-09-16T13:15:41.000Z","_typeName":"Evaluation","id":"cjm4vvpqj0ydh0108mkxh4c2y","createdAt":"2018-09-16T13:15:41.000Z","value":3,"level":"GK"},{"updatedAt":"2018-09-16T14:42:18.000Z","_typeName":"Evaluation","id":"cjm4yz3ls1ntn0187q9yaoc9v","createdAt":"2018-09-16T14:42:18.000Z","value":5,"level":"BK"},{"updatedAt":"2018-09-16T14:42:24.000Z","_typeName":"Evaluation","id":"cjm4yz82o1ni801967nvxxk0r","createdAt":"2018-09-16T14:42:24.000Z","value":2,"level":"BK"},{"updatedAt":"2018-09-17T09:56:02.000Z","_typeName":"Evaluation","id":"cjm4yzczp1oil0199qd81h8mb","createdAt":"2018-09-16T14:42:30.000Z","value":5,"level":"GK"},{"updatedAt":"2018-09-17T09:56:04.000Z","_typeName":"Evaluation","id":"cjm4yzds31mvc01602e0kd2wd","createdAt":"2018-09-16T14:42:31.000Z","value":6,"level":"GK"},{"updatedAt":"2018-09-16T14:42:33.000Z","_typeName":"Evaluation","id":"cjm4yzeti1ng70141jp6uofkr","createdAt":"2018-09-16T14:42:33.000Z","value":5,"level":"GK"},{"updatedAt":"2018-09-16T14:42:34.000Z","_typeName":"Evaluation","id":"cjm4yzg751ohi0160txz3mldo","createdAt":"2018-09-16T14:42:34.000Z","value":3,"level":"GK"},{"updatedAt":"2018-09-16T14:42:37.000Z","_typeName":"Evaluation","id":"cjm4yzidi1nv40145tyeahwlz","createdAt":"2018-09-16T14:42:37.000Z","value":9,"level":"AK"},{"updatedAt":"2018-09-16T14:42:38.000Z","_typeName":"Evaluation","id":"cjm4yzj341nkt0196gsaxg05v","createdAt":"2018-09-16T14:42:38.000Z","value":7,"level":"AK"},{"updatedAt":"2018-09-16T14:42:39.000Z","_typeName":"Evaluation","id":"cjm4yzk3t1mws0160vf9a5vhf","createdAt":"2018-09-16T14:42:39.000Z","value":5,"level":"AK"},{"updatedAt":"2018-09-16T14:42:40.000Z","_typeName":"Evaluation","id":"cjm4yzkpc1n8a0108sziwzyqs","createdAt":"2018-09-16T14:42:40.000Z","value":4,"level":"AK"},{"updatedAt":"2018-09-16T16:10:10.000Z","_typeName":"Evaluation","id":"cjm5243g90ijs0138se1slmc7","createdAt":"2018-09-16T16:10:10.000Z","value":4,"level":"BK"},{"updatedAt":"2018-09-16T16:10:12.000Z","_typeName":"Evaluation","id":"cjm5245c50jok0172b1ukaogd","createdAt":"2018-09-16T16:10:12.000Z","value":3,"level":"BK"},{"updatedAt":"2018-09-16T16:10:14.000Z","_typeName":"Evaluation","id":"cjm5246840j7f0169hee3n072","createdAt":"2018-09-16T16:10:14.000Z","value":2,"level":"BK"},{"updatedAt":"2018-09-16T16:10:15.000Z","_typeName":"Evaluation","id":"cjm52477u0iyu0108yw9eaic3","createdAt":"2018-09-16T16:10:15.000Z","value":7,"level":"BK"},{"updatedAt":"2018-09-16T16:10:18.000Z","_typeName":"Evaluation","id":"cjm5249ma0j8p0169aeyl9928","createdAt":"2018-09-16T16:10:18.000Z","value":6,"level":"GK"},{"updatedAt":"2018-09-16T16:10:19.000Z","_typeName":"Evaluation","id":"cjm524ahm0jpo0172wfcod66w","createdAt":"2018-09-16T16:10:19.000Z","value":4,"level":"GK"},{"updatedAt":"2018-09-16T16:10:20.000Z","_typeName":"Evaluation","id":"cjm524b0h0iu80112zwvgto6u","createdAt":"2018-09-16T16:10:20.000Z","value":5,"level":"GK"},{"updatedAt":"2018-09-16T16:10:22.000Z","_typeName":"Evaluation","id":"cjm524cfx0j9a0169iy8dnraz","createdAt":"2018-09-16T16:10:22.000Z","value":4,"level":"AK"},{"updatedAt":"2018-09-16T16:10:22.000Z","_typeName":"Evaluation","id":"cjm524cvf0iuj0112wcc17vd9","createdAt":"2018-09-16T16:10:22.000Z","value":5,"level":"AK"},{"updatedAt":"2018-09-16T16:10:23.000Z","_typeName":"Evaluation","id":"cjm524dic0jq90172qy5zt1iy","createdAt":"2018-09-16T16:10:23.000Z","value":2,"level":"AK"},{"updatedAt":"2018-09-16T16:10:24.000Z","_typeName":"Evaluation","id":"cjm524e0i0j9o0169m0vitg91","createdAt":"2018-09-16T16:10:24.000Z","value":3,"level":"AK"},{"updatedAt":"2018-09-16T20:04:11.000Z","_typeName":"Evaluation","id":"cjm5ah1k00j610154qdixd4qo","createdAt":"2018-09-16T20:04:11.000Z","value":2,"level":"AK1"},{"name":"Test image","updatedAt":"2018-09-14T13:35:19.000Z","linkUrl":"","uploadUrl":"https://res.cloudinary.com/nilsolleoskar/image/upload/v1536932119/Alternativschule/ppiuwga93v0y2xsuadtf.jpg","_typeName":"Material","description":"","id":"cjm21p97m1mrf0116zzhklato","contentType":"Bild","createdAt":"2018-09-14T13:35:19.000Z"},{"name":"Animal 1","updatedAt":"2018-09-16T16:43:42.000Z","linkUrl":"","uploadUrl":"https://res.cloudinary.com/nilsolleoskar/image/upload/v1537116222/Alternativschule/j3c9dqh9jsm1swvbqpdq.jpg","_typeName":"Material","description":"","id":"cjm53b89g0s250112mwx0junj","contentType":"Bild","createdAt":"2018-09-16T16:43:42.000Z"},{"name":"Book 1","updatedAt":"2018-09-16T16:46:29.000Z","linkUrl":"","uploadUrl":"https://res.cloudinary.com/nilsolleoskar/image/upload/v1537116387/Alternativschule/t8ebwarttywpzukpl16z.pdf","_typeName":"Material","description":"","id":"cjm53esld0th50113ypngi931","contentType":"PDF","createdAt":"2018-09-16T16:46:29.000Z"},{"name":"Book 2","updatedAt":"2018-09-16T16:49:27.000Z","linkUrl":"","uploadUrl":"https://res.cloudinary.com/nilsolleoskar/image/upload/v1537116566/Alternativschule/ft6orjjf2ha2epkxreog.pdf","_typeName":"Material","description":"","id":"cjm53imf70ttb0184dcxyumrq","contentType":"PDF","createdAt":"2018-09-16T16:49:27.000Z"},{"name":"Link","updatedAt":"2018-09-16T16:54:29.000Z","linkUrl":"https://www.google.de/","_typeName":"Material","description":"asdfasdf","id":"cjm53p2wr0ujn0138cca9r4xr","contentType":"Link","createdAt":"2018-09-16T16:54:29.000Z"},{"name":"Superhumans","updatedAt":"2018-09-16T16:55:26.000Z","linkUrl":"https://www.youtube.com/watch?v=10J6crRacZg","_typeName":"Material","description":"","id":"cjm53qbaq0vk30120tcc61n7j","contentType":"Video","createdAt":"2018-09-16T16:55:26.000Z"},{"name":"Cute animals","updatedAt":"2018-09-17T09:53:07.000Z","linkUrl":"","uploadUrl":"https://res.cloudinary.com/nilsolleoskar/image/upload/v1537177986/Alternativschule/foysx8gqskp67qwot2a0.jpg","_typeName":"Material","description":"Kangaroo and chicks","id":"cjm6432dm1m4b0106ertu7cnu","contentType":"Bild","createdAt":"2018-09-17T09:53:07.000Z"},{"name":"Space project","updatedAt":"2018-09-16T19:09:21.000Z","_typeName":"Project","description":"Apollo mission","selfLearn":false,"isPublished":true,"slug":"space-project","id":"cjlxstr1q0cgt0124hvvs72b4","createdAt":"2018-09-11T14:15:48.000Z"},{"name":"Cryptozoology","updatedAt":"2018-09-17T09:55:20.000Z","_typeName":"Project","description":"Bigfoot et al","selfLearn":false,"isPublished":true,"slug":"cryptozoology","id":"cjlxt33t70f0w0193ivm57yzb","createdAt":"2018-09-11T14:23:04.000Z"},{"name":"DNA","updatedAt":"2018-09-16T19:09:21.000Z","_typeName":"Project","description":"Spirals","selfLearn":false,"isPublished":true,"slug":"dna","id":"cjlxtcsw20hak0185seabjq9n","createdAt":"2018-09-11T14:30:36.000Z"},{"name":"Amars Dinosaurier ","updatedAt":"2018-09-16T19:09:21.000Z","_typeName":"Project","description":"lorem ipsum","selfLearn":false,"isPublished":true,"slug":"amars-dinosaurier","id":"cjlzbuzm90m4l01612oai97r2","createdAt":"2018-09-12T15:56:24.000Z"},{"name":"Mango","updatedAt":"2018-09-16T19:09:21.000Z","_typeName":"Project","description":"lecker","selfLearn":false,"isPublished":true,"slug":"mango","id":"cjm0fc6rz1s4j0190iuxqwiwy","createdAt":"2018-09-13T10:21:32.000Z"},{"name":"Advanced","updatedAt":"2018-09-16T20:13:56.000Z","_typeName":"Project","description":"Advanced project description","selfLearn":false,"isPublished":true,"slug":"advanced","id":"cjm1y4a840p3e0116vbhcgq37","createdAt":"2018-09-14T11:55:02.000Z"},{"name":"Advanced 2","updatedAt":"2018-09-16T20:14:17.000Z","_typeName":"Project","description":"Lorem ","selfLearn":true,"isPublished":true,"slug":"advanced-2","id":"cjm1y4txp0p580178d1dcuyuc","createdAt":"2018-09-14T11:55:27.000Z"},{"name":"Algebra 1","updatedAt":"2018-09-16T19:09:21.000Z","_typeName":"Project","description":"test","selfLearn":false,"isPublished":true,"slug":"algebra-1","id":"cjm26jbl70fze0190xlfkbcdo","createdAt":"2018-09-14T15:50:40.000Z"},{"name":"Multiple levels test","updatedAt":"2018-09-16T20:16:21.000Z","_typeName":"Project","description":"test","selfLearn":false,"isPublished":true,"slug":"multiple-levels-test","id":"cjm4vhzlt0uzr0160i8cnwad7","createdAt":"2018-09-16T13:05:01.000Z"},{"updatedAt":"2018-09-13T10:25:01.000Z","_typeName":"StudentLevels","id":"cjm0fat8k1rcc0194hlvrnc9k","createdAt":"2018-09-13T10:20:27.000Z","level":"GK"},{"updatedAt":"2018-09-17T09:56:16.000Z","_typeName":"StudentLevels","id":"cjm1udsys1kwr0197rhinqtbo","createdAt":"2018-09-14T10:10:27.000Z","level":"AK"},{"updatedAt":"2018-09-14T15:57:27.000Z","_typeName":"StudentLevels","id":"cjm26qx7f0gpb0149wcmdhqyj","createdAt":"2018-09-14T15:56:35.000Z","level":"AK2"},{"updatedAt":"2018-09-13T10:24:56.000Z","_typeName":"StudentNote","text":"Mango","id":"cjm0fbg0c1rrk01771eti6fcb","createdAt":"2018-09-13T10:20:57.000Z"},{"updatedAt":"2018-09-13T10:21:05.000Z","_typeName":"StudentNote","text":"mango","id":"cjm0fbm4v1rnu0194d5y3gwg1","createdAt":"2018-09-13T10:21:05.000Z"},{"updatedAt":"2018-09-16T13:19:28.000Z","_typeName":"StudentNote","text":"Very good student","id":"cjm4w0l0c0zj40198lp3p7q3o","createdAt":"2018-09-16T13:19:28.000Z"},{"updatedAt":"2018-09-16T16:10:04.000Z","_typeName":"StudentNote","text":"Lukas note","id":"cjm523ys20inj01611mjka7ai","createdAt":"2018-09-16T16:10:04.000Z"},{"name":"Biologie","updatedAt":"2018-09-14T10:15:17.000Z","_typeName":"Subject","description":"Hier geht es um alles, was lebendig ist. Wo kommt das Leben her? Was kennzeichnet das Leben? Wie leben Pflanzen, Tiere und Menschen und die kleinsten Mikroorganismen? Wie hängt alles miteinander zusammen? Und wie sieht es im Inneren und im Kleinen aus? In Biologie kannst du experimentieren, mikroskopieren und so manche Schönheiten und Wunder des Lebens entdecken.","isPublished":true,"slug":"biologie","id":"cjlw7muv90bz30187m3f0fecv","createdAt":"2018-09-10T11:34:48.000Z","levelDescriptions":"Here you will begin to build your vocabulary and learn about activities, places, and things that you can talk about in English. You will also discover how to form simple sentences and write and talk about yourself and your interests.//Welcome to GK English! You will practice working on grammar and sentence structures that will give you the tools needed to learn how to write paragraphs and discuss more complicated issues together. You will perfect your pronunciation skills by talking in English often and explore different ways of speaking in English through movies and music.//In this level, we will write essays, read long texts, and speak only in English. You will discuss a diverse range of topics that will provide you with the vocabulary you need to talk or write about anything in English with confidence."},{"name":"Chemie","updatedAt":"2018-09-12T15:03:27.000Z","_typeName":"Subject","description":"Die Chemie ist eine Naturwissenschaft, die sich mit vielen Materialien aus dem Leben beschäftigt. Sie wird manchmal definiert als \"die Lehre von den Stoffen, deren Eigenschaften, Aufbau und Veränderungen.\" Die Chemie versucht also herauszufinden, woraus die Sachen bestehen und wie Menschen Stoffe verändern oder sogar neu erfinden können.","isPublished":true,"slug":"chemie","id":"cjlw7n7j60clp01550qidyuob","createdAt":"2018-09-10T11:35:04.000Z"},{"name":"Mathe","updatedAt":"2018-09-12T15:02:59.000Z","_typeName":"Subject","description":"Im Alltag müssen wir immer Dinge zählen, messen, vergleichen und berechnen. In diesem Fach übst du den Umgang mit Zahlen, das Rechnen mit Größen wie Geld, Zeit, Daten aus Umfragen und räumliche Beziehungen. Mathematik ist überall. Ausserdem ist Mathematik Grundlage von Wissensbereichen wie Wirtschaft, Technik, Informatik, Naturwissenschaft. Daher werden in dem Fach auch Strukturen und Muster erarbeitet, die über den unmittelbaren alltäglichen Gebrauch hinaus gehen, aber im wissenschaftlichen Zusammenhang unerlässlich sind.","isPublished":true,"slug":"mathe","id":"cjlw7p1lh0czy0184w73khy60","createdAt":"2018-09-10T11:36:30.000Z"},{"name":"Informatik","updatedAt":"2018-09-10T11:50:34.000Z","_typeName":"Subject","description":"Lorem ipsum...","isPublished":true,"slug":"informatik","id":"cjlw7p81y0cr10149ez8ytpcd","createdAt":"2018-09-10T11:36:39.000Z"},{"name":"Ethik","updatedAt":"2018-09-12T15:16:00.000Z","_typeName":"Subject","description":"In diesem Fach stellst du Fragen und suchst mögliche Antworten. Was ist gut? Was darf ich tun? Warum morden Menschen? Woran glauben Menschen und wie leben sie ihre Überzeugungen? Du versuchst dir klar zu machen, was deine Überzeugungen sind und gleichzeitig versuchst du zu verstehen, wie andere über diese Dinge denken. Ein wichtiger Bereich des Faches ist der Austausch mit anderen, ebenso wie der Versuch, das was andere in der Vergangenheit dachten kennen zu lernen und in deine Überlegungen einzubeziehen. Auch das Aushandeln von Regeln und das Übernehmen von Verantwortung für alle, wie wir es an unserer Schule praktizieren, kannst du als ethisches Lernen auffassen. Das Fach gehört in den Bereich Welterkundung.","isPublished":true,"slug":"ethik","id":"cjlw7qels0dgf0155gdwu0hyv","createdAt":"2018-09-10T11:37:33.000Z"},{"name":"Geografie","updatedAt":"2018-09-12T15:14:31.000Z","_typeName":"Subject","description":"Geografie ist in der Alternativschule Berlin Teil des Welterkundungsunterrichts. Es geht um die Vermittlung von Allgemeinwissen über Beschaffenheit  und Entstehung der Erde, sowie um Fähigkeiten, mit traditionellen Darstellungssystemen wie dem Atlas, aber auch den Möglichkeiten des Internets umzugehen. Im Verlauf der Zeit bis zur 10. Klassenstufe verlagert sich der Schwerpunkt immer weiter in Richtung der komplexen Zusammenhänge innerhalb des „Systems Erde“, z.B. die zwischen menschlicher Aktivität und Natur. ","isPublished":true,"slug":"geografie","id":"cjlw7qmz90d0d01088qswkyhs","createdAt":"2018-09-10T11:37:44.000Z"},{"name":"WAT","updatedAt":"2018-09-10T11:50:13.000Z","_typeName":"Subject","description":"Lorem ipsum...","isPublished":true,"slug":"wat","id":"cjlw7rk440ddq0149n4uy1h26","createdAt":"2018-09-10T11:38:27.000Z"},{"name":"Deutsch","updatedAt":"2018-09-12T15:02:36.000Z","_typeName":"Subject","description":"In Deutsch hast du die Möglichkeit deine Lese- und Schreibkompetenz zu steigern, dir grammatisches Fachwissen zu erarbeiten und dich mit den literarischen Stilblüten der Vergangenheit und der Neuzeit (Gedichte, Romane, Kurzgeschichten, Theaterstücke etc.) auseinander zu setzen. Du kannst sowohl Sachtexte verfassen lernen als auch dein kreatives Schreibpotential vertiefen. „Die Grenzen meiner Sprache sind die Grenzen meiner Welt“, hatte der Sprachforscher Wittgenstein gesagt, jedoch innerhalb dieser Grenzen ist das Entdeckungspotential unendlich.","isPublished":true,"slug":"deutsch","id":"cjlw7rv8o0d6t0198q7hiaud1","createdAt":"2018-09-10T11:38:42.000Z"},{"name":"Englisch","updatedAt":"2018-09-12T16:05:05.000Z","_typeName":"Subject","description":"In diesem Fach tauchst du in die englische Sprache ein. Du wirst viel über Familien, Hobbies, Farben, Nummern und andere Themen lernen. Im Mittelpunkt dieser Fremdsprache stehen die Kompetenzen Lesen, Schreiben, Hören und Sprachmittlung. Letztendlich wirst du auch die Möglichkeit haben, ein englischsprachiges Land zu besuchen, um dein Wissen und deine Kompetenzen zu testen. Du wirst deine Fähigkeit zur Analyse von anderen Ländern stärken und so mehr Referenzen bezüglich der englischen Sprache verstehen. Die Möglichkeiten dafür sind unbegrenzt, von Scrap books, über Kochkurse, bis hin zu Film- und Musikanalysen.","isPublished":true,"slug":"englisch","id":"cjlw7s40u0dgc0108gyfi76w0","createdAt":"2018-09-10T11:38:53.000Z"},{"name":"Spanisch","updatedAt":"2018-09-12T15:01:33.000Z","_typeName":"Subject","description":"In Spanisch kannst du dir im Laufe der Jahre immer mehr Wortfelder (Zahlen, Farben, Familie, Tiere, Schule, Freizeit etc.) erschließen sowie dir die Struktur der zweiten Fremdsprache (Zeitformen, Satzbau etc:) erarbeiten. Du wirst viel sprechen können, hören lernen, lesen und schreiben üben und dadurch einfache bis komplexere Alltagssituationen verstehen und händeln lernen. *\\n\\n*Gib der 2. Fremdsprache die Chance, dass sie dir allmählich vertrauter werden kann. Sie ist weniger präsent in deinem Alltag als das Englische und bedarf von daher deiner Geduld und Übung. Wenn du hier vier Jahre lang eine 2. Fremdsprache belegst, musst du in der Oberstufe für das Abitur keine weitere Fremdsprache neben dem Englischen bestreiten.","isPublished":true,"slug":"spanisch","id":"cjlw7t0r80dsd0187mo36xddi","createdAt":"2018-09-10T11:39:35.000Z"},{"name":"Musik","updatedAt":"2018-09-10T11:49:50.000Z","_typeName":"Subject","description":"Lorem ipsum...","isPublished":true,"slug":"musik","id":"cjlw7ta9p0dvn0187dq3jt8kt","createdAt":"2018-09-10T11:39:48.000Z"},{"name":"Kunst","updatedAt":"2018-09-12T15:11:05.000Z","_typeName":"Subject","description":"Im Kunstkurs entwickeln die Schüler*innen ästhetische und künstlerische Handlungskompetenzen der Wahrnehmung, des Gestaltens sowie des Reflektierens durch die Auseinandersetzung mit vielfältigen Materialien, Techniken/Verfahrensweisen, Kunstwerken und ihren eigenen Erfahrungen. In individuellen wie in gemeinsamen Gruppenprozessen werden Ideen künstlerisch erforscht, umgesetzt und die künstlerische Entwicklung reflektiert.","isPublished":true,"slug":"kunst","id":"cjlw7tg6f0eaf01012u391w2q","createdAt":"2018-09-10T11:39:55.000Z"},{"name":"Sport","updatedAt":"2018-09-12T16:05:13.000Z","_typeName":"Subject","description":"In Sport geht es vor allem um Bewegung und Spaß haben. Neben Teamgeist und Spielregeln stehen auch Ausdauer und Kraft im Mittelpunkt dieses Faches. Du wirst die Chance haben, neue Sportarten zu entdecken, bemerken, wie schnell du dich verbessern kannst, wenn du Disziplin zeigst und dich vor allem viel bewegen. ","isPublished":true,"slug":"sport","id":"cjlw7tlgx0e320150kc8ohomn","createdAt":"2018-09-10T11:40:02.000Z"},{"name":"Theater","updatedAt":"2018-09-12T15:07:20.000Z","_typeName":"Subject","description":"Theater ist, wenn du auf der Bühne jemand ganz anderes sein kannst. Maske, Kostüm, Dekorationen helfen dir. Aber am meisten helfen dir Körper, Bewegung, Sprache, Gruppe. In diesem Fach übst du, dich auf der Bühne auszudrücken, alleine und gemeinsam mit anderen. Dabei erzählst du Geschichten oder probierst ganz andere, unbekannte Lebensformen aus. Auch zur Vermittlung von Ideen kannst du die Bühne nutzen.","isPublished":true,"slug":"theater","id":"cjlw7tt7k0dx20140dpgjzqy8","createdAt":"2018-09-10T11:40:13.000Z"},{"name":"Space Station AGs","updatedAt":"2018-09-14T10:29:35.000Z","_typeName":"Subject","description":"Lorem ipsum...","isPublished":true,"slug":"space-station","id":"cjlw89ql20imy0149cdcs3ze0","createdAt":"2018-09-10T11:52:36.000Z"},{"name":"Physik","updatedAt":"2018-09-12T15:03:13.000Z","_typeName":"Subject","description":"Die Physik beschäftigt sich mit alltäglichen Erscheinungen in unserer Umwelt und ermöglicht die Erklärung und Voraussage vieler Phänomene in der Natur. Zu Fragen wie: Wie entsteht ein Regenbogen? Woher kommen Wärme und Licht des Feuers? Warum schwimmt überhaupt ein viele Tonnen schwerer Eisberg? Wie kommt das Echo zustande?... versucht die Physik eine Erklärung zu geben und Gesetze zu formulieren.","isPublished":true,"slug":"physik","id":"cjlxowo200qlp0159kqv6rx7x","createdAt":"2018-09-11T12:26:05.000Z"},{"name":"Politische Weltkunde","updatedAt":"2018-09-12T16:06:28.000Z","_typeName":"Subject","description":"Auf diesem Planet lernst du viel über die Vergangenheit, die Gegenwart und die Zukunft. Es geht nicht um bloße Fakten, sondern eher darum, warum wir heute so leben, wie wir leben. Welche Verbindungen gibt es von der Vergangenheit mit der Gegenwart. Es geht um die Analyse von historischen Quellen und die Frage, warum Menschen in der Vergangenheit so gehandelt haben und nicht anders. Dazu gehört auch eine gut geübte Methodenkompetenz: Wie recherchiere ich im Internet? Wie halte ich eine Präsentation? Welchen Quellen kann ich glauben? Über all dem stehen eure Fragen! Fragt viel und seid kritisch!","isPublished":true,"slug":"politische-weltkunde","id":"cjlxp8mrm0u570159adcx5tfp","createdAt":"2018-09-11T12:35:23.000Z"},{"name":"Französisch","updatedAt":"2018-09-12T15:02:21.000Z","_typeName":"Subject","description":"In Französisch kannst du dir im Laufe der Jahre immer mehr Wortfelder (Zahlen, Farben, Familie, Tiere, Schule, Freizeit etc.) erschließen sowie dir die Struktur der zweiten Fremdsprache (Zeitformen, Satzbau etc:) erarbeiten. Du wirst viel sprechen können, hören lernen, lesen und schreiben üben und dadurch einfache bis komplexere Alltagssituationen verstehen und händeln lernen. *\\n\\n*Gib der 2. Fremdsprache die Chance, dass sie dir allmählich vertrauter werden kann. Sie ist weniger präsent in deinem Alltag als das Englische und bedarf von daher deiner Geduld und Übung. Wenn du hier vier Jahre lang eine 2. Fremdsprache belegst, musst du in der Oberstufe für das Abitur keine weitere Fremdsprache neben dem Englischen bestreiten.","isPublished":true,"slug":"franzoesisch","id":"cjlxpkg740xmb010292c32rx9","createdAt":"2018-09-11T12:44:35.000Z"},{"_typeName":"TutorLevels","id":"cjlxrnjg6023l0199oseqlayf","createdAt":"2018-09-11T13:42:58.000Z","updatedAt":"2018-09-11T13:43:00.000Z"},{"_typeName":"TutorLevels","id":"cjlxskoxi09yc0191n80mjmce","createdAt":"2018-09-11T14:08:45.000Z","updatedAt":"2018-09-11T14:08:50.000Z"},{"_typeName":"TutorLevels","id":"cjlxsp19p0bcn0124bfoyq3xo","createdAt":"2018-09-11T14:12:07.000Z","updatedAt":"2018-09-11T14:12:07.000Z"},{"_typeName":"TutorLevels","id":"cjlzbilzx0idc0113cpkheq32","createdAt":"2018-09-12T15:46:47.000Z","updatedAt":"2018-09-13T10:53:45.000Z"},{"updatedAt":"2018-09-16T19:09:20.000Z","avatar":1,"_typeName":"User","email":"olleholmberg@gmail.com","username":"olle","avatarColor":"blue","firstname":"Olle","surname":"Holmberg","id":"cjlw6y9ez05ys0133ssmfsu8a","createdAt":"2018-09-10T11:15:40.000Z","prefect":false,"userType":"Admin","password":"$2a$10$J5/Y5jHzHMfDf2zdEfRL9.9NHX0DHltIGR6TGPLLEGywKtrnnVAyG"},{"updatedAt":"2018-09-16T19:09:20.000Z","avatar":1,"_typeName":"User","email":"teacher@alternativschule-berlin.de","username":"Amar","avatarColor":"blue","firstname":"Amar","surname":"Alternativschule","id":"cjlw72r2m06ow0140pgjamrk6","createdAt":"2018-09-10T11:19:10.000Z","prefect":false,"userType":"Lehrer","password":"$2a$10$JAoGbGDFnkzyKCdqNLDKg.JSkkfwb/UBWCWERvKgDGeoIJ5RKg9LW"},{"updatedAt":"2018-09-17T09:48:48.000Z","avatar":3,"_typeName":"User","email":"student@alternativschule-berlin.de","username":"student","avatarColor":"pastelpurple","firstname":"Student","surname":"Alternativschule","id":"cjlw738yw06z201083d82md84","avatarImg":"https://res.cloudinary.com/nilsolleoskar/image/upload/v1537177724/Alternativschule/ucsoyxwjawrdnaby9jbw.jpg","createdAt":"2018-09-10T11:19:33.000Z","prefect":false,"userType":"Schueler","password":"$2a$10$PSjyy8nT.7O2l9Mj.ZJ0o.pKKJIrNBcUZn.mBAnpGOqJY/5mnXaYi"},{"updatedAt":"2018-09-16T19:09:20.000Z","avatar":1,"_typeName":"User","email":"tmatsiridis@heldisch.com","username":"Theo","avatarColor":"blue","firstname":"Theo","surname":"Matsiridis","id":"cjlzbfbn60go60152id5ssofb","createdAt":"2018-09-12T15:44:13.000Z","prefect":false,"userType":"Admin","password":"$2a$10$NbhLM7mnhfSp/163X.psHegK5ZFqpnAEfM4U9Kx6JgXWN5E1oBBYO"},{"updatedAt":"2018-09-16T19:09:20.000Z","avatar":1,"_typeName":"User","email":"lpietruschka@heldisch.com","username":"Lukas","avatarColor":"blue","firstname":"Lukas","surname":"Pietruschka","id":"cjlzbm9xr0jie0199og3ai226","createdAt":"2018-09-12T15:49:38.000Z","prefect":false,"userType":"Schueler","password":"$2a$10$THkyFFBQvsTUbqCXP5pTVutCDxv1mpXJwkxEMYHRt46TVKXymF492"}]}