{"valueType":"nodes","values":[{"name":"Naturwissenschaftlicher Bereich","updatedAt":"2018-09-10T11:25:20.000Z","_typeName":"Area","slug":"naturwissenschaft","id":"cjlw7aoy7090j01843qvtgjwv","createdAt":"2018-09-10T11:25:20.000Z"},{"name":"Welterkundung","updatedAt":"2018-09-10T11:25:33.000Z","_typeName":"Area","slug":"welterkundung","id":"cjlw7aysa08mb0122ck6tlnh4","createdAt":"2018-09-10T11:25:33.000Z"},{"name":"Sprachlicher Bereich","updatedAt":"2018-09-10T11:26:17.000Z","_typeName":"Area","slug":"sprache","id":"cjlw7bwin08wx015857ult9ih","createdAt":"2018-09-10T11:26:17.000Z"},{"name":"Sportlicher + Künstlerischer Bereich","updatedAt":"2018-09-10T11:26:31.000Z","_typeName":"Area","slug":"sport-kunst","id":"cjlw7c79m09fu01557fzf16m4","createdAt":"2018-09-10T11:26:31.000Z"},{"name":"Space Station","updatedAt":"2018-09-10T11:51:59.000Z","_typeName":"Area","slug":"space-station","id":"cjlw88xwq0ihy01986jjplx1o","createdAt":"2018-09-10T11:51:59.000Z"},{"name":"Erkenntnisgewinnung","updatedAt":"2018-09-11T14:31:49.000Z","_typeName":"Competence","slug":"bio-1","id":"cjlxoo8we0npe0158m5d90i3o","createdAt":"2018-09-11T12:19:32.000Z"},{"name":"Kommunikation","updatedAt":"2018-09-11T12:19:51.000Z","_typeName":"Competence","slug":"bio-2","id":"cjlxoonj20nsd0158dpllzq44","createdAt":"2018-09-11T12:19:51.000Z"},{"name":"Themen","updatedAt":"2018-09-11T12:20:02.000Z","_typeName":"Competence","slug":"bio-3","id":"cjlxoovnu0p8p0114txvrcy7j","createdAt":"2018-09-11T12:20:02.000Z"},{"name":"Inhalte und Fachbegriffe","updatedAt":"2018-09-11T12:20:12.000Z","_typeName":"Competence","slug":"bio-4","id":"cjlxop3ef0ns101877wgyyaqu","createdAt":"2018-09-11T12:20:12.000Z"},{"name":"Erkenntnisgewinnung","updatedAt":"2018-09-11T12:20:37.000Z","_typeName":"Competence","slug":"chemie-1","id":"cjlxopmja0ov90102522cx1if","createdAt":"2018-09-11T12:20:37.000Z"},{"name":"Kommunikation","updatedAt":"2018-09-11T12:20:46.000Z","_typeName":"Competence","slug":"chemie-2","id":"cjlxoptla0o6t0136fd09z2xi","createdAt":"2018-09-11T12:20:46.000Z"},{"name":"Themen","updatedAt":"2018-09-11T12:20:51.000Z","_typeName":"Competence","slug":"chemie-3","id":"cjlxopxr40oe30140ycchrc4o","createdAt":"2018-09-11T12:20:51.000Z"},{"name":"Inhalte und Fachbegriffe","updatedAt":"2018-09-11T12:22:12.000Z","_typeName":"Competence","slug":"chemie-4","id":"cjlxoro1r0oj70187lkaxg2qu","createdAt":"2018-09-11T12:22:12.000Z"},{"name":"Erkenntnisgewinnung","updatedAt":"2018-09-11T12:23:34.000Z","_typeName":"Competence","slug":"physik-1","id":"cjlxotf5k0ps30159vftbohl1","createdAt":"2018-09-11T12:23:34.000Z"},{"name":"Kommunikation","updatedAt":"2018-09-11T12:23:39.000Z","_typeName":"Competence","slug":"physik-2","id":"cjlxotjcd0pj50136nrslz8bh","createdAt":"2018-09-11T12:23:39.000Z"},{"name":"Themen","updatedAt":"2018-09-11T12:23:48.000Z","_typeName":"Competence","slug":"physik-3","id":"cjlxotqbx0p7q0190t1qf3n4g","createdAt":"2018-09-11T12:23:48.000Z"},{"name":"Inhalte und Fachbegriffe","updatedAt":"2018-09-11T12:23:56.000Z","_typeName":"Competence","slug":"physik-4","id":"cjlxotwgt0pfo0192h8xbfz89","createdAt":"2018-09-11T12:23:56.000Z"},{"name":"Ich Rechne","updatedAt":"2018-09-11T12:29:26.000Z","_typeName":"Competence","slug":"mathe-1","id":"cjlxp0z3q0reb013624ibviwy","createdAt":"2018-09-11T12:29:26.000Z"},{"name":"Ich Vergleiche","updatedAt":"2018-09-11T12:29:36.000Z","_typeName":"Competence","slug":"mathe-2","id":"cjlxp16t80rb50140dfw6xmo8","createdAt":"2018-09-11T12:29:36.000Z"},{"name":"Ich Messe","updatedAt":"2018-09-11T12:29:53.000Z","_typeName":"Competence","slug":"mathe-3","id":"cjlxp1jx20r0d0136hzrpgss1","createdAt":"2018-09-11T12:29:53.000Z"},{"name":"Ich Zähle","updatedAt":"2018-09-11T12:30:00.000Z","_typeName":"Competence","slug":"mathe-4","id":"cjlxp1p000rlh0136bukgvstr","createdAt":"2018-09-11T12:30:00.000Z"},{"name":"Mit Informationen umgehen","updatedAt":"2018-09-11T12:32:47.000Z","_typeName":"Competence","slug":"informatik-1","id":"cjlxp59r00tib0195csmy4tei","createdAt":"2018-09-11T12:32:47.000Z"},{"name":"Informatiksysteme verstehen — Wirkungen erkennen","updatedAt":"2018-09-11T12:32:59.000Z","_typeName":"Competence","slug":"informatik-2","id":"cjlxp5job0svq0158hdge7vba","createdAt":"2018-09-11T12:32:59.000Z"},{"name":"Modelle erstellen und bewerten","updatedAt":"2018-09-11T12:33:09.000Z","_typeName":"Competence","slug":"informatik-3","id":"cjlxp5ra20u2d0114pbohc61m","createdAt":"2018-09-11T12:33:09.000Z"},{"name":"Probleme erfassen und mit Informatiksystemen lösen","updatedAt":"2018-09-11T12:33:16.000Z","_typeName":"Competence","slug":"informatik-4","id":"cjlxp5wev0tfw0159ty8rami9","createdAt":"2018-09-11T12:33:16.000Z"},{"name":"Kommunizieren und Kooperieren","updatedAt":"2018-09-11T12:33:24.000Z","_typeName":"Competence","slug":"informatik-5","id":"cjlxp62uy0ta10163oyyl5l9l","createdAt":"2018-09-11T12:33:24.000Z"},{"name":"Deuten","updatedAt":"2018-09-11T12:35:38.000Z","_typeName":"Competence","slug":"politik-1","id":"cjlxp8y700tqy0166ok8nytzu","createdAt":"2018-09-11T12:35:38.000Z"},{"name":"Analysieren","updatedAt":"2018-09-11T12:35:44.000Z","_typeName":"Competence","slug":"politik-2","id":"cjlxp92qt0u2v01992upydj8w","createdAt":"2018-09-11T12:35:44.000Z"},{"name":"Methoden anwenden","updatedAt":"2018-09-11T12:35:50.000Z","_typeName":"Competence","slug":"politik-3","id":"cjlxp97230taq0136w24cg39k","createdAt":"2018-09-11T12:35:50.000Z"},{"name":"Urteilen","updatedAt":"2018-09-11T12:35:55.000Z","_typeName":"Competence","slug":"politik-4","id":"cjlxp9b1o0ukc0195v09vyg0r","createdAt":"2018-09-11T12:35:55.000Z"},{"name":"Darstellen","updatedAt":"2018-09-11T12:35:59.000Z","_typeName":"Competence","slug":"politik-5","id":"cjlxp9eh30tyt0140xmju8lbc","createdAt":"2018-09-11T12:35:59.000Z"},{"name":"Selbstkenntnis","updatedAt":"2018-09-11T12:36:29.000Z","_typeName":"Competence","slug":"ethik-1","id":"cjlxpa1j70u250166i5rlyq47","createdAt":"2018-09-11T12:36:29.000Z"},{"name":"Dialogbereitschaft","updatedAt":"2018-09-11T12:36:34.000Z","_typeName":"Competence","slug":"ethik-2","id":"cjlxpa5ha0va3011473lx9vje","createdAt":"2018-09-11T12:36:34.000Z"},{"name":"Bezogenheit","updatedAt":"2018-09-11T12:36:40.000Z","_typeName":"Competence","slug":"ethik-3","id":"cjlxpaa8k0ujv0102im3gunux","createdAt":"2018-09-11T12:36:40.000Z"},{"name":"Sich orientieren","updatedAt":"2018-09-11T12:37:24.000Z","_typeName":"Competence","slug":"geografie-1","id":"cjlxpb7ni0ud50127m3qo0y9c","createdAt":"2018-09-11T12:37:24.000Z"},{"name":"Systeme erschließen","updatedAt":"2018-09-11T12:37:46.000Z","_typeName":"Competence","slug":"geografie-2","id":"cjlxpbe5q0unk0163f5061aq9","createdAt":"2018-09-11T12:37:32.000Z"},{"name":"Methoden anwenden","updatedAt":"2018-09-11T12:38:13.000Z","_typeName":"Competence","slug":"geografie-3","id":"cjlxpc9sm0v9d0195gyqkmdke","createdAt":"2018-09-11T12:38:13.000Z"},{"name":"Kommunizieren","updatedAt":"2018-09-11T12:39:18.000Z","_typeName":"Competence","slug":"geografie-4","id":"cjlxpdo2v0veo0159fjne77sx","createdAt":"2018-09-11T12:39:18.000Z"},{"name":"Urteilen","updatedAt":"2018-09-11T12:39:24.000Z","_typeName":"Competence","slug":"geografie-5","id":"cjlxpdsbv0up00190761rnfwc","createdAt":"2018-09-11T12:39:24.000Z"},{"name":"Sachkompetenz","updatedAt":"2018-09-11T12:40:15.000Z","_typeName":"Competence","slug":"wat-1","id":"cjlxpevw90veb0140x0x9t7d0","createdAt":"2018-09-11T12:40:15.000Z"},{"name":"Methodenkompetenz","updatedAt":"2018-09-11T12:40:25.000Z","_typeName":"Competence","slug":"wat-2","id":"cjlxpf35r0vf40158fg264h7h","createdAt":"2018-09-11T12:40:25.000Z"},{"name":"Personale und soziale Kompetenz","updatedAt":"2018-09-11T12:40:28.000Z","_typeName":"Competence","slug":"wat-3","id":"cjlxpf5io0vt40159fpopvw2f","createdAt":"2018-09-11T12:40:28.000Z"},{"name":"Richtig schreiben","updatedAt":"2018-09-11T12:41:13.000Z","_typeName":"Competence","slug":"deutsch-1","id":"cjlxpg4dy0wh80195okdljaeu","createdAt":"2018-09-11T12:41:13.000Z"},{"name":"Worte","updatedAt":"2018-09-11T12:41:19.000Z","_typeName":"Competence","slug":"deutsch-2","id":"cjlxpg9eb0vbv0136ouo9jpji","createdAt":"2018-09-11T12:41:19.000Z"},{"name":"Sätze","updatedAt":"2018-09-11T12:41:24.000Z","_typeName":"Competence","slug":"deutsch-3","id":"cjlxpgd260x090114fqx1x0wr","createdAt":"2018-09-11T12:41:24.000Z"},{"name":"Texte","updatedAt":"2018-09-11T12:41:29.000Z","_typeName":"Competence","slug":"deutsch-4","id":"cjlxpgh2q0w4n0156w2pbxbt2","createdAt":"2018-09-11T12:41:29.000Z"},{"name":"Hören und Sehen","updatedAt":"2018-09-11T12:42:26.000Z","_typeName":"Competence","slug":"englisch-1","id":"cjlxphp250wh30163ukkfauvi","createdAt":"2018-09-11T12:42:26.000Z"},{"name":"Lesen","updatedAt":"2018-09-11T12:42:33.000Z","_typeName":"Competence","slug":"englisch-2","id":"cjlxphtyk0wp30199u23uf5gl","createdAt":"2018-09-11T12:42:33.000Z"},{"name":"Schreiben","updatedAt":"2018-09-11T12:42:37.000Z","_typeName":"Competence","slug":"englisch-3","id":"cjlxphxnb0we30166pizvi02b","createdAt":"2018-09-11T12:42:37.000Z"},{"name":"Sprechen","updatedAt":"2018-09-11T12:42:42.000Z","_typeName":"Competence","slug":"englisch-4","id":"cjlxpi1cs0wsc0102vo18udn3","createdAt":"2018-09-11T12:42:42.000Z"},{"name":"Sprachmittlung/Mediation","updatedAt":"2018-09-11T12:42:48.000Z","_typeName":"Competence","slug":"englisch-5","id":"cjlxpi5wk0vr10187klnqih1l","createdAt":"2018-09-11T12:42:48.000Z"},{"name":"Hören, Verstehen","updatedAt":"2018-09-11T12:45:04.000Z","_typeName":"Competence","slug":"franzoesisch-1","id":"cjlxpl2hp0ym401149dnq6v06","createdAt":"2018-09-11T12:45:04.000Z"},{"name":"Lesen, Verstehen","updatedAt":"2018-09-11T12:45:12.000Z","_typeName":"Competence","slug":"franzoesisch-2","id":"cjlxpl8zl0wzr0136ik7s6ijr","createdAt":"2018-09-11T12:45:12.000Z"},{"name":"Sprechen","updatedAt":"2018-09-11T12:45:18.000Z","_typeName":"Competence","slug":"franzoesisch-3","id":"cjlxpldrh0xdl0127y9eo1fia","createdAt":"2018-09-11T12:45:18.000Z"},{"name":"Schreiben","updatedAt":"2018-09-11T12:45:23.000Z","_typeName":"Competence","slug":"franzoesisch-4","id":"cjlxplhb80x5p0190pt1n1myx","createdAt":"2018-09-11T12:45:23.000Z"},{"name":"Hören, Verstehen","updatedAt":"2018-09-11T12:45:46.000Z","_typeName":"Competence","slug":"spanisch-1","id":"cjlxplyup0xng0166j97h4xds","createdAt":"2018-09-11T12:45:46.000Z"},{"name":"Lesen, Verstehen","updatedAt":"2018-09-11T12:45:51.000Z","_typeName":"Competence","slug":"spanisch-2","id":"cjlxpm3fe0wzl0187uqiyfadx","createdAt":"2018-09-11T12:45:51.000Z"},{"name":"Sprechen","updatedAt":"2018-09-11T12:45:57.000Z","_typeName":"Competence","slug":"spanisch-3","id":"cjlxpm7cd0y1x0156iwouv84d","createdAt":"2018-09-11T12:45:57.000Z"},{"name":"Schreiben","updatedAt":"2018-09-11T12:46:02.000Z","_typeName":"Competence","slug":"spanisch-4","id":"cjlxpmbkf0xfi0192127fuqhq","createdAt":"2018-09-11T12:46:02.000Z"},{"name":"Wahrnehmen und Verstehen","updatedAt":"2018-09-11T12:47:48.000Z","_typeName":"Competence","slug":"musik-1","id":"cjlxpolaj0ywd0102h1eo8806","createdAt":"2018-09-11T12:47:48.000Z"},{"name":"Gestalten","updatedAt":"2018-09-11T12:47:55.000Z","_typeName":"Competence","slug":"musik-2","id":"cjlxpoql50yzx0199g1kv7frk","createdAt":"2018-09-11T12:47:55.000Z"},{"name":"Nachdenken über Musik","updatedAt":"2018-09-11T12:48:00.000Z","_typeName":"Competence","slug":"musik-3","id":"cjlxpoukb0yp0015877s60sxm","createdAt":"2018-09-11T12:48:00.000Z"},{"name":"Künstlerische Strategien","updatedAt":"2018-09-11T12:48:20.000Z","_typeName":"Competence","slug":"kunst-1","id":"cjlxpp9vv0yyj01594oggd8ha","createdAt":"2018-09-11T12:48:20.000Z"},{"name":"Material","updatedAt":"2018-09-11T12:48:26.000Z","_typeName":"Competence","slug":"kunst-2","id":"cjlxppekd0xxx0187shr7qtl3","createdAt":"2018-09-11T12:48:26.000Z"},{"name":"Techniken","updatedAt":"2018-09-11T12:48:32.000Z","_typeName":"Competence","slug":"kunst-3","id":"cjlxppixu0yyc01560vtw2lbt","createdAt":"2018-09-11T12:48:32.000Z"},{"name":"Bewegungsformen","updatedAt":"2018-09-11T12:48:50.000Z","_typeName":"Competence","slug":"sport-1","id":"cjlxppwwv0z3f01597io35y0a","createdAt":"2018-09-11T12:48:50.000Z"},{"name":"Techniken/Gegelspiele","updatedAt":"2018-09-11T12:48:55.000Z","_typeName":"Competence","slug":"sport-2","id":"cjlxpq0z30yzk013654jpcnsu","createdAt":"2018-09-11T12:48:55.000Z"},{"name":"Soziale/emotionale Kompetenzen","updatedAt":"2018-09-11T12:49:01.000Z","_typeName":"Competence","slug":"sport-3","id":"cjlxpq5na0yww014028l7uf56","createdAt":"2018-09-11T12:49:01.000Z"},{"name":"Wahrnehmung","updatedAt":"2018-09-11T12:49:24.000Z","_typeName":"Competence","slug":"theater-1","id":"cjlxpqnim107e0114ydusxg09","createdAt":"2018-09-11T12:49:24.000Z"},{"name":"Gestalten","updatedAt":"2018-09-11T12:49:30.000Z","_typeName":"Competence","slug":"theater-2","id":"cjlxpqs810zes0102lvrriwhr","createdAt":"2018-09-11T12:49:30.000Z"},{"name":"Reflektieren und Teilhaben","updatedAt":"2018-09-11T12:49:35.000Z","_typeName":"Competence","slug":"theater-3","id":"cjlxpqw56109o0114y2kkr4s8","createdAt":"2018-09-11T12:49:35.000Z"},{"updatedAt":"2018-09-11T14:32:02.000Z","_typeName":"Evaluation","id":"cjlxtejsb0ik20191c7l42s10","createdAt":"2018-09-11T14:31:58.000Z","value":7,"level":"BK"},{"updatedAt":"2018-09-11T14:32:06.000Z","_typeName":"Evaluation","id":"cjlxteqaw0ijk0162hutrws29","createdAt":"2018-09-11T14:32:06.000Z","value":4,"level":"BK"},{"name":"Space project","updatedAt":"2018-09-11T14:15:48.000Z","_typeName":"Project","description":"Apollo mission","selfLearn":false,"isPublished":true,"slug":"space-project","id":"cjlxstr1q0cgt0124hvvs72b4","createdAt":"2018-09-11T14:15:48.000Z","level":"GK"},{"name":"Cryptozoology","updatedAt":"2018-09-11T14:29:30.000Z","_typeName":"Project","description":"Bigfoot et al","selfLearn":false,"isPublished":true,"slug":"cryptozoology","id":"cjlxt33t70f0w0193ivm57yzb","createdAt":"2018-09-11T14:23:04.000Z","level":"BK"},{"name":"DNA","updatedAt":"2018-09-11T14:30:36.000Z","_typeName":"Project","description":"Spirals","selfLearn":false,"isPublished":true,"slug":"dna","id":"cjlxtcsw20hak0185seabjq9n","createdAt":"2018-09-11T14:30:36.000Z","level":"BK"},{"name":"Biologie","updatedAt":"2018-09-10T11:50:53.000Z","_typeName":"Subject","description":"Lorem ipsum...","isPublished":true,"slug":"biologie","id":"cjlw7muv90bz30187m3f0fecv","createdAt":"2018-09-10T11:34:48.000Z"},{"name":"Chemie","updatedAt":"2018-09-10T11:50:43.000Z","_typeName":"Subject","description":"Lorem ipsum...","isPublished":true,"slug":"chemie","id":"cjlw7n7j60clp01550qidyuob","createdAt":"2018-09-10T11:35:04.000Z"},{"name":"Mathe","updatedAt":"2018-09-10T11:47:48.000Z","_typeName":"Subject","description":"Lorem ipsum...","isPublished":true,"slug":"mathe","id":"cjlw7p1lh0czy0184w73khy60","createdAt":"2018-09-10T11:36:30.000Z"},{"name":"Informatik","updatedAt":"2018-09-10T11:50:34.000Z","_typeName":"Subject","description":"Lorem ipsum...","isPublished":true,"slug":"informatik","id":"cjlw7p81y0cr10149ez8ytpcd","createdAt":"2018-09-10T11:36:39.000Z"},{"name":"Ethik","updatedAt":"2018-09-10T11:50:27.000Z","_typeName":"Subject","description":"Lorem ipsum...","isPublished":true,"slug":"ethik","id":"cjlw7qels0dgf0155gdwu0hyv","createdAt":"2018-09-10T11:37:33.000Z"},{"name":"Geografie","updatedAt":"2018-09-10T11:50:20.000Z","_typeName":"Subject","description":"Lorem ipsum...","isPublished":true,"slug":"geografie","id":"cjlw7qmz90d0d01088qswkyhs","createdAt":"2018-09-10T11:37:44.000Z"},{"name":"WAT","updatedAt":"2018-09-10T11:50:13.000Z","_typeName":"Subject","description":"Lorem ipsum...","isPublished":true,"slug":"wat","id":"cjlw7rk440ddq0149n4uy1h26","createdAt":"2018-09-10T11:38:27.000Z"},{"name":"Deutsch","updatedAt":"2018-09-10T11:47:17.000Z","_typeName":"Subject","description":"Lorem ipsum...","isPublished":true,"slug":"deutsch","id":"cjlw7rv8o0d6t0198q7hiaud1","createdAt":"2018-09-10T11:38:42.000Z"},{"name":"Englisch","updatedAt":"2018-09-10T11:46:35.000Z","_typeName":"Subject","description":"Lorem ipsum...","isPublished":true,"slug":"englisch","id":"cjlw7s40u0dgc0108gyfi76w0","createdAt":"2018-09-10T11:38:53.000Z"},{"name":"Spanisch","updatedAt":"2018-09-10T11:49:58.000Z","_typeName":"Subject","description":"Lorem ipsum...","isPublished":true,"slug":"spanisch","id":"cjlw7t0r80dsd0187mo36xddi","createdAt":"2018-09-10T11:39:35.000Z"},{"name":"Musik","updatedAt":"2018-09-10T11:49:50.000Z","_typeName":"Subject","description":"Lorem ipsum...","isPublished":true,"slug":"musik","id":"cjlw7ta9p0dvn0187dq3jt8kt","createdAt":"2018-09-10T11:39:48.000Z"},{"name":"Kunst","updatedAt":"2018-09-10T11:49:41.000Z","_typeName":"Subject","description":"Lorem ipsum...","isPublished":true,"slug":"kunst","id":"cjlw7tg6f0eaf01012u391w2q","createdAt":"2018-09-10T11:39:55.000Z"},{"name":"Sport","updatedAt":"2018-09-10T11:48:46.000Z","_typeName":"Subject","description":"Lorem ipsum...","isPublished":true,"slug":"sport","id":"cjlw7tlgx0e320150kc8ohomn","createdAt":"2018-09-10T11:40:02.000Z"},{"name":"Theater","updatedAt":"2018-09-10T11:48:33.000Z","_typeName":"Subject","description":"Lorem ipsum...","isPublished":true,"slug":"theater","id":"cjlw7tt7k0dx20140dpgjzqy8","createdAt":"2018-09-10T11:40:13.000Z"},{"name":"Space Station","updatedAt":"2018-09-11T14:21:20.000Z","_typeName":"Subject","description":"Lorem ipsum...","isPublished":true,"slug":"space-station","id":"cjlw89ql20imy0149cdcs3ze0","createdAt":"2018-09-10T11:52:36.000Z"},{"name":"Physik","updatedAt":"2018-09-11T12:34:24.000Z","_typeName":"Subject","description":"Lorem ipsum...","isPublished":true,"slug":"physik","id":"cjlxowo200qlp0159kqv6rx7x","createdAt":"2018-09-11T12:26:05.000Z"},{"name":"Politische Weltkunde","updatedAt":"2018-09-11T12:35:23.000Z","_typeName":"Subject","description":"Lorem ipsum...","isPublished":true,"slug":"politische-weltkunde","id":"cjlxp8mrm0u570159adcx5tfp","createdAt":"2018-09-11T12:35:23.000Z"},{"name":"Französisch","updatedAt":"2018-09-11T12:44:35.000Z","_typeName":"Subject","description":"Lorem ipsum...","isPublished":true,"slug":"franzoesisch","id":"cjlxpkg740xmb010292c32rx9","createdAt":"2018-09-11T12:44:35.000Z"},{"_typeName":"TutorLevels","id":"cjlxrnjg6023l0199oseqlayf","createdAt":"2018-09-11T13:42:58.000Z","updatedAt":"2018-09-11T13:43:00.000Z"},{"_typeName":"TutorLevels","id":"cjlxskoxi09yc0191n80mjmce","createdAt":"2018-09-11T14:08:45.000Z","updatedAt":"2018-09-11T14:08:50.000Z"},{"_typeName":"TutorLevels","id":"cjlxsp19p0bcn0124bfoyq3xo","createdAt":"2018-09-11T14:12:07.000Z","updatedAt":"2018-09-11T14:12:07.000Z"},{"updatedAt":"2018-09-10T11:18:05.000Z","avatar":1,"_typeName":"User","email":"olleholmberg@gmail.com","username":"olle","avatarColor":"blue","firstname":"Olle","surname":"Holmberg","id":"cjlw6y9ez05ys0133ssmfsu8a","createdAt":"2018-09-10T11:15:40.000Z","prefect":false,"userType":"Admin","password":"$2a$10$J5/Y5jHzHMfDf2zdEfRL9.9NHX0DHltIGR6TGPLLEGywKtrnnVAyG"},{"updatedAt":"2018-09-10T11:19:50.000Z","avatar":1,"_typeName":"User","email":"teacher@alternativschule-berlin.de","username":"teacher","avatarColor":"blue","firstname":"Teacher","surname":"Alternativschule","id":"cjlw72r2m06ow0140pgjamrk6","createdAt":"2018-09-10T11:19:10.000Z","prefect":false,"userType":"Lehrer","password":"$2a$10$JAoGbGDFnkzyKCdqNLDKg.JSkkfwb/UBWCWERvKgDGeoIJ5RKg9LW"},{"updatedAt":"2018-09-11T14:10:21.000Z","avatar":11,"_typeName":"User","email":"student@alternativschule-berlin.de","username":"student","avatarColor":"blue","firstname":"Student","surname":"Alternativschule","id":"cjlw738yw06z201083d82md84","createdAt":"2018-09-10T11:19:33.000Z","prefect":false,"userType":"Schueler","password":"$2a$10$PSjyy8nT.7O2l9Mj.ZJ0o.pKKJIrNBcUZn.mBAnpGOqJY/5mnXaYi"}]}