{"valueType":"lists","values":[{"_typeName":"Project","id":"cjlxstr1q0cgt0124hvvs72b4","levels":["BK"]},{"_typeName":"Project","id":"cjlxt33t70f0w0193ivm57yzb","levels":["BK","GK"]},{"_typeName":"Project","id":"cjlxtcsw20hak0185seabjq9n","levels":["BK"]},{"_typeName":"Project","id":"cjlzbuzm90m4l01612oai97r2","levels":["BK"]},{"_typeName":"Project","id":"cjm0fc6rz1s4j0190iuxqwiwy","levels":["BK"]},{"_typeName":"Project","id":"cjm1y4a840p3e0116vbhcgq37","levels":["AK"]},{"_typeName":"Project","id":"cjm1y4txp0p580178d1dcuyuc","levels":["AK"]},{"_typeName":"Project","id":"cjm26jbl70fze0190xlfkbcdo","levels":["BK"]},{"_typeName":"Project","id":"cjm4vhzlt0uzr0160i8cnwad7","levels":["GK","AK"]},{"_typeName":"Subject","id":"cjlw7muv90bz30187m3f0fecv","levels":["AK","GK","BK"]},{"_typeName":"Subject","id":"cjlw7n7j60clp01550qidyuob","levels":["AK","GK","BK"]},{"_typeName":"Subject","id":"cjlw7p1lh0czy0184w73khy60","levels":["AK2","AK1","GK","BK"]},{"_typeName":"Subject","id":"cjlw7p81y0cr10149ez8ytpcd","levels":["AK","GK","BK"]},{"_typeName":"Subject","id":"cjlw7qels0dgf0155gdwu0hyv","levels":["AK","GK","BK"]},{"_typeName":"Subject","id":"cjlw7qmz90d0d01088qswkyhs","levels":["AK","GK","BK"]},{"_typeName":"Subject","id":"cjlw7rk440ddq0149n4uy1h26","levels":["AK","BK","GK"]},{"_typeName":"Subject","id":"cjlw7rv8o0d6t0198q7hiaud1","levels":["AK2","AK1","GK","BK"]},{"_typeName":"Subject","id":"cjlw7s40u0dgc0108gyfi76w0","levels":["AK2","AK1","GK","BK"]},{"_typeName":"Subject","id":"cjlw7t0r80dsd0187mo36xddi","levels":["AK","GK","BK"]},{"_typeName":"Subject","id":"cjlw7ta9p0dvn0187dq3jt8kt","levels":["AK","GK","BK"]},{"_typeName":"Subject","id":"cjlw7tg6f0eaf01012u391w2q","levels":["AK","GK","BK"]},{"_typeName":"Subject","id":"cjlw7tlgx0e320150kc8ohomn","levels":["GK","AK","BK"]},{"_typeName":"Subject","id":"cjlw7tt7k0dx20140dpgjzqy8","levels":["AK","GK","BK"]},{"_typeName":"Subject","id":"cjlw89ql20imy0149cdcs3ze0","levels":["BK","GK","AK"]},{"_typeName":"Subject","id":"cjlxowo200qlp0159kqv6rx7x","levels":["AK","GK","BK"]},{"_typeName":"Subject","id":"cjlxp8mrm0u570159adcx5tfp","levels":["GK","BK","AK"]},{"_typeName":"Subject","id":"cjlxpkg740xmb010292c32rx9","levels":["GK","BK","AK"]},{"_typeName":"TutorLevels","id":"cjlxrnjg6023l0199oseqlayf","levels":["GK","BK"]},{"_typeName":"TutorLevels","id":"cjlxskoxi09yc0191n80mjmce","levels":["GK","BK","AK1","AK2"]},{"_typeName":"TutorLevels","id":"cjlxsp19p0bcn0124bfoyq3xo","levels":["GK"]},{"_typeName":"TutorLevels","id":"cjlzbilzx0idc0113cpkheq32","levels":["BK","GK","AK"]}]}