{"valueType":"nodes","values":[{"name":"Naturwissenschaftlicher Bereich","updatedAt":"2018-08-23T11:25:44.000Z","_typeName":"Area","slug":"naturwissenschaft","id":"cjkfie0vy7vt801759n0abn1j","createdAt":"2018-08-04T14:24:04.000Z"},{"name":"Welterkundung","updatedAt":"2018-08-23T12:57:22.000Z","_typeName":"Area","slug":"gesellschaftswissenschaft","id":"cjkfie5rn7wkh01146kmvr8nb","createdAt":"2018-08-04T14:24:10.000Z"},{"name":"Sprachlicher Bereich","updatedAt":"2018-08-23T11:25:32.000Z","_typeName":"Area","slug":"sprache","id":"cjkfiebd57wkl0114nhw2jcu6","createdAt":"2018-08-04T14:24:18.000Z"},{"name":"Sportlicher + Künstlerischer Bereich","updatedAt":"2018-08-23T11:25:25.000Z","_typeName":"Area","slug":"kunst-sport","id":"cjkfiefyj7vtf01757k9m7xdq","createdAt":"2018-08-04T14:24:24.000Z"},{"name":"Erkenntnisgewinnung","updatedAt":"2018-08-26T07:48:04.000Z","_typeName":"Competence","slug":"competence-a","id":"cjkrpe1gq04bo0148hro9blhr","createdAt":"2018-08-13T03:13:16.000Z"},{"name":"Kommunikation","updatedAt":"2018-08-26T07:48:08.000Z","_typeName":"Competence","slug":"competence-b","id":"cjkrpe7ua03qg01081rcuwx64","createdAt":"2018-08-13T03:13:25.000Z"},{"name":"Themen","updatedAt":"2018-08-26T07:48:11.000Z","_typeName":"Competence","slug":"competence-c","id":"cjkrpeba5046x01064hzdukol","createdAt":"2018-08-13T03:13:29.000Z"},{"name":"Inhalte, Fachbegriffe","updatedAt":"2018-08-26T07:48:17.000Z","_typeName":"Competence","slug":"competence-d","id":"cjkrpee2q044201319wa6ow1t","createdAt":"2018-08-13T03:13:33.000Z"},{"name":"Inhalte, Fachbegriffe","updatedAt":"2018-08-26T07:48:20.000Z","_typeName":"Competence","slug":"competence-d","id":"cjkrpgped04mq0169i3cdpqlw","createdAt":"2018-08-13T03:15:21.000Z"},{"name":"Themen","updatedAt":"2018-08-26T07:48:25.000Z","_typeName":"Competence","slug":"competence-c","id":"cjkrpgt9s04n60106qroeztvm","createdAt":"2018-08-13T03:15:26.000Z"},{"name":"Kommunikation","updatedAt":"2018-08-26T07:48:27.000Z","_typeName":"Competence","slug":"competence-b","id":"cjkrpgx83047h0124fj8ktz7o","createdAt":"2018-08-13T03:15:31.000Z"},{"name":"Erkenntnisgewinnung","updatedAt":"2018-08-26T07:48:31.000Z","_typeName":"Competence","slug":"competence-a","id":"cjkrpgzvr04o90169jh05hewx","createdAt":"2018-08-13T03:15:34.000Z"},{"name":"Erkenntnisgewinnung","updatedAt":"2018-08-26T07:48:33.000Z","_typeName":"Competence","slug":"competence-a","id":"cjkv1trpg089e0144dv5acn7h","createdAt":"2018-08-15T11:24:44.000Z"},{"name":"Kommunikation","updatedAt":"2018-08-26T07:48:37.000Z","_typeName":"Competence","slug":"competence-b","id":"cjkv1u2r3088q0164cd16gztt","createdAt":"2018-08-15T11:24:58.000Z"},{"name":"Themen","updatedAt":"2018-08-26T07:48:39.000Z","_typeName":"Competence","slug":"competence-c","id":"cjkv1uagv08xi0101t3sa2drn","createdAt":"2018-08-15T11:25:08.000Z"},{"name":"Inhalte, Fachbegriffe","updatedAt":"2018-08-26T07:48:42.000Z","_typeName":"Competence","slug":"competence-d","id":"cjkv1ueif08ki0121qdgv95v4","createdAt":"2018-08-15T11:25:14.000Z"},{"name":"Ich zähle","updatedAt":"2018-08-26T07:48:46.000Z","_typeName":"Competence","slug":"competence-d","id":"cjkv1uuos08z20191rhh1tf3d","createdAt":"2018-08-15T11:25:35.000Z"},{"name":"Ich messe","updatedAt":"2018-08-26T07:48:49.000Z","_typeName":"Competence","slug":"competence-c","id":"cjkv1v6ku08mr0164sr9d7t3b","createdAt":"2018-08-15T11:25:50.000Z"},{"name":"Ich vergleiche","updatedAt":"2018-08-26T07:48:52.000Z","_typeName":"Competence","slug":"competence-b","id":"cjkv1vcn908qe0144cp6tt2f0","createdAt":"2018-08-15T11:25:58.000Z"},{"name":"Ich rechne","updatedAt":"2018-08-26T07:48:54.000Z","_typeName":"Competence","slug":"competence-a","id":"cjkv1vqdv09e601015lfdd35s","createdAt":"2018-08-15T11:26:16.000Z"},{"name":"Deuten","updatedAt":"2018-09-02T15:08:32.000Z","_typeName":"Competence","slug":"competence-a","id":"cjkv1w3jd09ny0190r7ojkbsd","createdAt":"2018-08-15T11:26:33.000Z"},{"name":"Analysieren","updatedAt":"2018-09-02T15:08:35.000Z","_typeName":"Competence","slug":"competence-b","id":"cjkv1w6iw09se0167vsyebt3h","createdAt":"2018-08-15T11:26:37.000Z"},{"name":"Methoden anwenden","updatedAt":"2018-09-02T15:08:40.000Z","_typeName":"Competence","slug":"competence-c","id":"cjkv1w9bc09g80191tv13usty","createdAt":"2018-08-15T11:26:40.000Z"},{"name":"Urteilen","updatedAt":"2018-09-02T15:08:44.000Z","_typeName":"Competence","slug":"competence-d","id":"cjkv1wdo9091q0144xmf44e7f","createdAt":"2018-08-15T11:26:46.000Z"},{"name":"Mit Informationen umgehen","updatedAt":"2018-09-02T15:08:00.000Z","_typeName":"Competence","slug":"competence-d","id":"cjkv1wngf091t0176kn63u72l","createdAt":"2018-08-15T11:26:59.000Z"},{"name":"Informatiksysteme verstehen — Wirkungen erkennen","updatedAt":"2018-09-02T15:08:08.000Z","_typeName":"Competence","slug":"competence-c","id":"cjkv1wqoe09r50101e2mikiyu","createdAt":"2018-08-15T11:27:03.000Z"},{"name":"Modelle erstellen und bewerten","updatedAt":"2018-09-02T15:08:14.000Z","_typeName":"Competence","slug":"competence-b","id":"cjkv1wv6k0a080153s9axuemc","createdAt":"2018-08-15T11:27:09.000Z"},{"name":"Probleme erfassen und mit Informatiksystemen lösen","updatedAt":"2018-09-02T15:08:18.000Z","_typeName":"Competence","slug":"competence-a","id":"cjkv1wxxm094i0159nxeynsu3","createdAt":"2018-08-15T11:27:12.000Z"},{"name":"Selbstkenntnis","updatedAt":"2018-09-02T15:10:08.000Z","_typeName":"Competence","slug":"competence-a","id":"cjkv1xamz09bg01646cqugnxt","createdAt":"2018-08-15T11:27:29.000Z"},{"name":"Dialogbereitschaft","updatedAt":"2018-09-02T15:10:12.000Z","_typeName":"Competence","slug":"competence-b","id":"cjkv1xkax0a5g0153yn3iakf2","createdAt":"2018-08-15T11:27:41.000Z"},{"name":"Bezogenheit","updatedAt":"2018-09-02T15:10:17.000Z","_typeName":"Competence","slug":"competence-c","id":"cjkv1xnw2099y0176i0riiwtt","createdAt":"2018-08-15T11:27:46.000Z"},{"name":"Sich orientieren","updatedAt":"2018-09-02T15:12:04.000Z","_typeName":"Competence","slug":"competence-d","id":"cjkv1y7u709na0121dfm8hr49","createdAt":"2018-08-15T11:28:12.000Z"},{"name":"Systeme erschließen","updatedAt":"2018-09-02T15:12:08.000Z","_typeName":"Competence","slug":"competence-c","id":"cjkv1yb2b0a880115f8jfoljl","createdAt":"2018-08-15T11:28:16.000Z"},{"name":"Methoden anwenden","updatedAt":"2018-09-02T15:12:12.000Z","_typeName":"Competence","slug":"competence-b","id":"cjkv1yf1r09mf0144ncaet59w","createdAt":"2018-08-15T11:28:21.000Z"},{"name":"Kommunizieren","updatedAt":"2018-09-02T15:12:16.000Z","_typeName":"Competence","slug":"competence-a","id":"cjkv1yhub09o301640coy8caf","createdAt":"2018-08-15T11:28:25.000Z"},{"name":"Richtig schreiben","updatedAt":"2018-09-02T15:12:27.000Z","_typeName":"Competence","slug":"competence-a","id":"cjkv1ypzo09hr0159jq3qfwcb","createdAt":"2018-08-15T11:28:35.000Z"},{"name":"Worte","updatedAt":"2018-09-02T15:12:31.000Z","_typeName":"Competence","slug":"competence-b","id":"cjkv1yt5m0a8m0101iiqruh4v","createdAt":"2018-08-15T11:28:39.000Z"},{"name":"Sätze","updatedAt":"2018-09-02T15:12:35.000Z","_typeName":"Competence","slug":"competence-c","id":"cjkv1yvsc0afm0153znusz70s","createdAt":"2018-08-15T11:28:43.000Z"},{"name":"Texte","updatedAt":"2018-09-02T15:12:39.000Z","_typeName":"Competence","slug":"competence-d","id":"cjkv1yylw09r101314gc00nru","createdAt":"2018-08-15T11:28:46.000Z"},{"name":"Sprechen","updatedAt":"2018-08-26T07:49:16.000Z","_typeName":"Competence","slug":"competence-d","id":"cjkv1zcuy0anh0167t49jngkx","createdAt":"2018-08-15T11:29:05.000Z"},{"name":"Schreiben","updatedAt":"2018-08-26T07:49:18.000Z","_typeName":"Competence","slug":"competence-c","id":"cjkv1zghb0aee0164lu3ghcoo","createdAt":"2018-08-15T11:29:09.000Z"},{"name":"Lesen","updatedAt":"2018-08-26T07:49:22.000Z","_typeName":"Competence","slug":"competence-b","id":"cjkv1zl490aj30190jl1n03ke","createdAt":"2018-08-15T11:29:15.000Z"},{"name":"Hören, Sehen","updatedAt":"2018-08-26T07:49:25.000Z","_typeName":"Competence","slug":"competence-a","id":"cjkv1znka09u80164w1l5npjq","createdAt":"2018-08-15T11:29:19.000Z"},{"name":"Hören, Verstehen","updatedAt":"2018-08-26T07:49:28.000Z","_typeName":"Competence","slug":"competence-a","id":"cjkv207mx0afq0191snlruta5","createdAt":"2018-08-15T11:29:45.000Z"},{"name":"Lesen, Verstehen","updatedAt":"2018-08-26T07:49:31.000Z","_typeName":"Competence","slug":"competence-b","id":"cjkv20b2v0aqq0103czaw98yt","createdAt":"2018-08-15T11:29:49.000Z"},{"name":"Sprechen","updatedAt":"2018-08-26T07:49:34.000Z","_typeName":"Competence","slug":"competence-c","id":"cjkv20e8m0ato0153s01upauy","createdAt":"2018-08-15T11:29:53.000Z"},{"name":"Schreiben","updatedAt":"2018-08-26T07:49:36.000Z","_typeName":"Competence","slug":"competence-d","id":"cjkv20gw60aq80190zhnp5awg","createdAt":"2018-08-15T11:29:57.000Z"},{"name":"Schreiben","updatedAt":"2018-08-26T07:49:40.000Z","_typeName":"Competence","slug":"competence-d","id":"cjkv20np90ayn0167ul2uzmdd","createdAt":"2018-08-15T11:30:05.000Z"},{"name":"Sprechen","updatedAt":"2018-08-26T07:49:43.000Z","_typeName":"Competence","slug":"competence-c","id":"cjkv20qki0a5a0164ub8f23qz","createdAt":"2018-08-15T11:30:09.000Z"},{"name":"Lesen, Verstehen","updatedAt":"2018-08-26T07:49:46.000Z","_typeName":"Competence","slug":"competence-b","id":"cjkv20ua60a7z01444lp4tw25","createdAt":"2018-08-15T11:30:14.000Z"},{"name":"Hören, Verstehen","updatedAt":"2018-08-26T07:49:49.000Z","_typeName":"Competence","slug":"competence-a","id":"cjkv20z8k0ash0101m27pqqm4","createdAt":"2018-08-15T11:30:20.000Z"},{"name":"Wahrnehmen und Verstehen","updatedAt":"2018-08-26T07:49:55.000Z","_typeName":"Competence","slug":"competence-a","id":"cjkv217w20beu0103ffoyf0qr","createdAt":"2018-08-15T11:30:32.000Z"},{"name":"Gestalten","updatedAt":"2018-08-26T07:49:59.000Z","_typeName":"Competence","slug":"competence-b","id":"cjkv21cgh0amr0159d0bb3pau","createdAt":"2018-08-15T11:30:38.000Z"},{"name":"Nachdenken über Musik","updatedAt":"2018-08-26T07:50:01.000Z","_typeName":"Competence","slug":"competence-c","id":"cjkv21ndr0bhh0190ebxfnfpm","createdAt":"2018-08-15T11:30:52.000Z"},{"name":"Techniken","updatedAt":"2018-08-26T07:50:06.000Z","_typeName":"Competence","slug":"competence-c","id":"cjkv223ob0bdx0191pf7mcpdp","createdAt":"2018-08-15T11:31:13.000Z"},{"name":"Material","updatedAt":"2018-08-26T07:50:10.000Z","_typeName":"Competence","slug":"competence-b","id":"cjkv22dxi0bna0190kb8uwpni","createdAt":"2018-08-15T11:31:26.000Z"},{"name":"Künstlerische Strategien","updatedAt":"2018-08-26T07:50:13.000Z","_typeName":"Competence","slug":"competence-a","id":"cjkv22hau0axh0159ufneq3c0","createdAt":"2018-08-15T11:31:30.000Z"},{"name":"Bewegungsformen","updatedAt":"2018-08-26T07:50:16.000Z","_typeName":"Competence","slug":"competence-a","id":"cjkv22pis0b2l01319yumn8o7","createdAt":"2018-08-15T11:31:41.000Z"},{"name":"Techniken/Gegelspiele","updatedAt":"2018-08-26T07:50:19.000Z","_typeName":"Competence","slug":"competence-b","id":"cjkv22tla0bqj0164dlnfj0xt","createdAt":"2018-08-15T11:31:46.000Z"},{"name":"Bewegungsformen","updatedAt":"2018-08-26T07:50:22.000Z","_typeName":"Competence","slug":"competence-c","id":"cjkv22xoy0bsa01154bm7wrbv","createdAt":"2018-08-15T11:31:52.000Z"},{"name":"Wahrnehmung","updatedAt":"2018-09-02T14:44:17.000Z","_typeName":"Competence","slug":"competence-a","id":"cjlkytldq32bu01100er3pjiw","createdAt":"2018-09-02T14:42:38.000Z"},{"name":"Gestalten","updatedAt":"2018-09-02T14:44:21.000Z","_typeName":"Competence","slug":"competence-b","id":"cjlkytpni32hu0108cudht2hi","createdAt":"2018-09-02T14:42:43.000Z"},{"name":"Reflektieren und Teilhaben","updatedAt":"2018-09-02T14:44:26.000Z","_typeName":"Competence","slug":"competence-c","id":"cjlkytsgs325v01558be4arbt","createdAt":"2018-09-02T14:42:47.000Z"},{"name":"Sachkompetenz","updatedAt":"2018-09-02T14:43:46.000Z","_typeName":"Competence","slug":"competence-a","id":"cjlkyu52132m90129q8mtfxok","createdAt":"2018-09-02T14:43:03.000Z"},{"name":"Methodenkompetenz","updatedAt":"2018-09-02T14:43:54.000Z","_typeName":"Competence","slug":"competence-b","id":"cjlkyu9js32tc0106ykkjrs34","createdAt":"2018-09-02T14:43:09.000Z"},{"name":"Personale und soziale Kompetenz","updatedAt":"2018-09-02T14:44:01.000Z","_typeName":"Competence","slug":"competence-c","id":"cjlkyucmm32ll0164shlqzaqr","createdAt":"2018-09-02T14:43:13.000Z"},{"name":"Sprachmittlung/Mediation","updatedAt":"2018-09-02T15:15:30.000Z","_typeName":"Competence","slug":"competence-e","id":"cjlkzzv9e052g0171fa6p2x66","createdAt":"2018-09-02T15:15:30.000Z"},{"name":"Urteilen","updatedAt":"2018-09-02T15:15:57.000Z","_typeName":"Competence","slug":"competence-e","id":"cjll00g2205720133oo48ehhh","createdAt":"2018-09-02T15:15:57.000Z"},{"name":"Darstellen","updatedAt":"2018-09-02T15:16:35.000Z","_typeName":"Competence","slug":"competence-e","id":"cjll0195j05gj0199t4gnmrq2","createdAt":"2018-09-02T15:16:35.000Z"},{"name":"Kommunizieren und Kooperieren","updatedAt":"2018-09-02T15:16:56.000Z","_typeName":"Competence","slug":"competence-e","id":"cjll01ppd055p0195ddzkm5x5","createdAt":"2018-09-02T15:16:56.000Z"},{"updatedAt":"2018-09-03T12:17:16.000Z","_typeName":"Evaluation","id":"cjkv30qqh0ltf01342pbp1awq","createdAt":"2018-08-15T11:58:09.000Z","value":5,"level":"BK"},{"updatedAt":"2018-09-03T12:16:45.000Z","_typeName":"Evaluation","id":"cjkv310h50lws0134bzncw607","createdAt":"2018-08-15T11:58:22.000Z","value":10,"level":"GK"},{"updatedAt":"2018-09-03T12:16:35.000Z","_typeName":"Evaluation","id":"cjkv314by0lr60190ndjavt2x","createdAt":"2018-08-15T11:58:27.000Z","value":6,"level":"AK"},{"updatedAt":"2018-09-05T09:09:52.000Z","_typeName":"Evaluation","id":"cjkv31fx70l8c015994tcebl3","createdAt":"2018-08-15T11:58:42.000Z","value":4,"level":"BK"},{"updatedAt":"2018-09-04T14:48:05.000Z","_typeName":"Evaluation","id":"cjkv31iei0l1d0131by3oz3s6","createdAt":"2018-08-15T11:58:45.000Z","value":5,"level":"GK"},{"updatedAt":"2018-09-04T14:48:08.000Z","_typeName":"Evaluation","id":"cjkv31kly0ly30190dyj3i1lu","createdAt":"2018-08-15T11:58:48.000Z","value":2,"level":"AK"},{"updatedAt":"2018-09-02T14:12:50.000Z","_typeName":"Evaluation","id":"cjkv31vic0m460153ht6h4r2z","createdAt":"2018-08-15T11:59:02.000Z","value":8,"level":"BK"},{"updatedAt":"2018-08-23T09:18:54.000Z","_typeName":"Evaluation","id":"cjkv31xfv0lip0164hy2c7cvf","createdAt":"2018-08-15T11:59:04.000Z","value":5,"level":"GK"},{"updatedAt":"2018-09-02T14:12:54.000Z","_typeName":"Evaluation","id":"cjkv31zc10lyu01038eg5ag0w","createdAt":"2018-08-15T11:59:07.000Z","value":7,"level":"AK"},{"updatedAt":"2018-08-22T16:26:13.000Z","_typeName":"Evaluation","id":"cjkv322q10ly80101dd0xtu8h","createdAt":"2018-08-15T11:59:11.000Z","value":1,"level":"AK"},{"updatedAt":"2018-08-27T10:41:17.000Z","_typeName":"Evaluation","id":"cjkv324qy0mf90167sivel0zs","createdAt":"2018-08-15T11:59:14.000Z","value":4,"level":"GK"},{"updatedAt":"2018-09-02T14:12:46.000Z","_typeName":"Evaluation","id":"cjkv327rl0lm00164n7io3wpd","createdAt":"2018-08-15T11:59:18.000Z","value":3,"level":"BK"},{"updatedAt":"2018-09-02T13:41:12.000Z","_typeName":"Evaluation","id":"cjkvkpfe30jz10170fhrvyway","createdAt":"2018-08-15T20:13:14.000Z","value":10,"level":"GK"},{"updatedAt":"2018-08-27T10:33:32.000Z","_typeName":"Evaluation","id":"cjkvkpje90kca01097iknxu7w","createdAt":"2018-08-15T20:13:19.000Z","value":9,"level":"BK"},{"updatedAt":"2018-09-02T13:41:08.000Z","_typeName":"Evaluation","id":"cjkvkpmrz0joz0118qnqcjhro","createdAt":"2018-08-15T20:13:24.000Z","value":3,"level":"AK"},{"updatedAt":"2018-08-26T16:47:51.000Z","_typeName":"Evaluation","id":"cjlb37oab172e0133f0er6v4m","createdAt":"2018-08-26T16:47:51.000Z","value":4,"level":"BK"},{"updatedAt":"2018-08-26T16:49:58.000Z","_typeName":"Evaluation","id":"cjlb3adpz18v50123fsrbfvrx","createdAt":"2018-08-26T16:49:58.000Z","value":3,"level":"BK"},{"updatedAt":"2018-08-27T05:51:27.000Z","_typeName":"Evaluation","id":"cjlb3ah311am00164yp9ympva","createdAt":"2018-08-26T16:50:02.000Z","value":3,"level":"BK"},{"updatedAt":"2018-08-27T05:41:18.000Z","_typeName":"Evaluation","id":"cjlb3alar19zu0141xmww2djb","createdAt":"2018-08-26T16:50:07.000Z","value":6,"level":"GK"},{"updatedAt":"2018-08-26T16:50:10.000Z","_typeName":"Evaluation","id":"cjlb3annh1ae20114tdilors8","createdAt":"2018-08-26T16:50:10.000Z","value":7,"level":"GK"},{"updatedAt":"2018-08-26T16:50:13.000Z","_typeName":"Evaluation","id":"cjlb3apqy19wt01374ofg8e6f","createdAt":"2018-08-26T16:50:13.000Z","value":2,"level":"GK"},{"updatedAt":"2018-08-27T14:23:36.000Z","_typeName":"Evaluation","id":"cjlb3avvt1b3p0164i5x8qi1v","createdAt":"2018-08-26T16:50:21.000Z","value":6,"level":"AK"},{"updatedAt":"2018-08-27T14:23:39.000Z","_typeName":"Evaluation","id":"cjlb3azuu1au10114jzrsf3zb","createdAt":"2018-08-26T16:50:26.000Z","value":9,"level":"AK"},{"updatedAt":"2018-08-27T14:23:41.000Z","_typeName":"Evaluation","id":"cjlb3b20j1aqc01979oye3gxy","createdAt":"2018-08-26T16:50:29.000Z","value":3,"level":"AK"},{"updatedAt":"2018-08-27T07:12:57.000Z","_typeName":"Evaluation","id":"cjlbxfs1m1jkj0110slasxnw2","createdAt":"2018-08-27T06:53:58.000Z","value":6,"level":"BK"},{"updatedAt":"2018-08-27T06:54:02.000Z","_typeName":"Evaluation","id":"cjlbxfv4n1k1k0119tly939x6","createdAt":"2018-08-27T06:54:02.000Z","value":5,"level":"BK"},{"updatedAt":"2018-08-27T07:16:56.000Z","_typeName":"Evaluation","id":"cjlbxn0xc00w00131bm4j7mt0","createdAt":"2018-08-27T06:59:36.000Z","value":6,"level":"GK"},{"updatedAt":"2018-08-27T07:13:01.000Z","_typeName":"Evaluation","id":"cjlby49wq03si0171zjm1ma35","createdAt":"2018-08-27T07:13:01.000Z","value":3,"level":"BK"},{"updatedAt":"2018-08-27T07:13:37.000Z","_typeName":"Evaluation","id":"cjlby51rb04a201396wzlmhwu","createdAt":"2018-08-27T07:13:37.000Z","value":3,"level":"GK"},{"updatedAt":"2018-08-27T07:13:47.000Z","_typeName":"Evaluation","id":"cjlby59ab049b0100xt1kgk97","createdAt":"2018-08-27T07:13:47.000Z","value":2,"level":"GK"},{"updatedAt":"2018-08-27T07:25:08.000Z","_typeName":"Evaluation","id":"cjlbyjigq06mr01883qtfqrwo","createdAt":"2018-08-27T07:24:52.000Z","value":3,"level":"AK"},{"updatedAt":"2018-08-27T07:24:54.000Z","_typeName":"Evaluation","id":"cjlbyjjw006mg01712zy3yz3q","createdAt":"2018-08-27T07:24:54.000Z","value":2,"level":"AK"},{"updatedAt":"2018-08-27T07:25:14.000Z","_typeName":"Evaluation","id":"cjlbyjzr106xo0182jcqejlb9","createdAt":"2018-08-27T07:25:14.000Z","value":3,"level":"AK"},{"updatedAt":"2018-08-27T07:29:44.000Z","_typeName":"Evaluation","id":"cjlbyps5p07v60170oo55f4mk","createdAt":"2018-08-27T07:29:44.000Z","value":2,"level":"AK"},{"updatedAt":"2018-08-27T07:31:18.000Z","_typeName":"Evaluation","id":"cjlbyrsud085h0117d60u6vgg","createdAt":"2018-08-27T07:31:18.000Z","value":2,"level":"AK"},{"updatedAt":"2018-08-27T07:31:21.000Z","_typeName":"Evaluation","id":"cjlbyruqs08bo0111ddszjbuk","createdAt":"2018-08-27T07:31:21.000Z","value":2,"level":"AK"},{"updatedAt":"2018-08-27T07:33:43.000Z","_typeName":"Evaluation","id":"cjlbyuwj009jt01965qn43d98","createdAt":"2018-08-27T07:33:43.000Z","value":10,"level":"AK"},{"updatedAt":"2018-08-27T07:34:50.000Z","_typeName":"Evaluation","id":"cjlbywcck09lb013972z9qijf","createdAt":"2018-08-27T07:34:50.000Z","value":2,"level":"GK"},{"updatedAt":"2018-08-27T07:35:50.000Z","_typeName":"Evaluation","id":"cjlbyxmpj09pw0192kxb3bu8b","createdAt":"2018-08-27T07:35:50.000Z","value":8,"level":"GK"},{"updatedAt":"2018-08-27T07:37:45.000Z","_typeName":"Evaluation","id":"cjlbyyngt09xt0171h8r0chvo","createdAt":"2018-08-27T07:36:38.000Z","value":2,"level":"BK"},{"updatedAt":"2018-08-27T07:37:32.000Z","_typeName":"Evaluation","id":"cjlbyzt050a6c01926517lpn4","createdAt":"2018-08-27T07:37:32.000Z","value":5,"level":"BK"},{"updatedAt":"2018-08-27T07:38:19.000Z","_typeName":"Evaluation","id":"cjlbz0t430af20111t01luw2i","createdAt":"2018-08-27T07:38:19.000Z","value":2,"level":"BK"},{"updatedAt":"2018-08-27T07:39:46.000Z","_typeName":"Evaluation","id":"cjlbz2ojw0akk018862ejq406","createdAt":"2018-08-27T07:39:46.000Z","value":2,"level":"BK"},{"updatedAt":"2018-08-27T07:41:47.000Z","_typeName":"Evaluation","id":"cjlbz59kc0ayn01121kuuvjdu","createdAt":"2018-08-27T07:41:47.000Z","value":2,"level":"BK"},{"updatedAt":"2018-08-27T07:43:05.000Z","_typeName":"Evaluation","id":"cjlbz6y8k0bq301117mode6az","createdAt":"2018-08-27T07:43:05.000Z","value":5,"level":"BK"},{"updatedAt":"2018-08-29T12:07:22.000Z","_typeName":"Evaluation","id":"cjlbz8zr20byg0171ai0ek7wc","createdAt":"2018-08-27T07:44:40.000Z","value":9,"level":"GK"},{"updatedAt":"2018-08-27T08:04:29.000Z","_typeName":"Evaluation","id":"cjlbzygni0gz70139yr09f1am","createdAt":"2018-08-27T08:04:29.000Z","value":2,"level":"AK"},{"updatedAt":"2018-08-27T13:00:06.000Z","_typeName":"Evaluation","id":"cjlcaimvb0yra0159rorp88fx","createdAt":"2018-08-27T13:00:06.000Z","value":4,"level":"AK2"},{"updatedAt":"2018-08-29T12:47:31.000Z","_typeName":"Evaluation","id":"cjlf4y2hl0wkz01206mf4x1rj","createdAt":"2018-08-29T12:47:27.000Z","value":6,"level":"BK"},{"updatedAt":"2018-08-30T07:42:40.000Z","_typeName":"Evaluation","id":"cjlg9hyqb0cvz0192bzrgc6nu","createdAt":"2018-08-30T07:42:40.000Z","value":3,"level":"BK"},{"updatedAt":"2018-08-31T16:02:53.000Z","_typeName":"Evaluation","id":"cjli6t3o11i6t0137weq49bmj","createdAt":"2018-08-31T16:02:53.000Z","value":4,"level":"BK"},{"updatedAt":"2018-09-09T13:44:50.000Z","_typeName":"Evaluation","id":"cjli6udx71jj20186xru0qhhc","createdAt":"2018-08-31T16:03:53.000Z","value":1,"level":"BK"},{"updatedAt":"2018-09-09T13:44:53.000Z","_typeName":"Evaluation","id":"cjli6uisf1jgd01189mkohdr1","createdAt":"2018-08-31T16:03:59.000Z","value":9,"level":"BK"},{"updatedAt":"2018-08-31T16:04:05.000Z","_typeName":"Evaluation","id":"cjli6un6c1jrf01377ozczya7","createdAt":"2018-08-31T16:04:05.000Z","value":2,"level":"BK"},{"updatedAt":"2018-09-02T12:55:14.000Z","_typeName":"Evaluation","id":"cjlkuzh4223f60129gwqq86ln","createdAt":"2018-09-02T12:55:14.000Z","value":4,"level":"BK"},{"updatedAt":"2018-09-04T11:43:58.000Z","_typeName":"Evaluation","id":"cjlnnbj7f0fii0185iirdm9jc","createdAt":"2018-09-04T11:43:58.000Z","value":6,"level":"GK"},{"updatedAt":"2018-09-04T11:44:05.000Z","_typeName":"Evaluation","id":"cjlnnbop60g180191lafbnk47","createdAt":"2018-09-04T11:44:05.000Z","value":2,"level":"BK"},{"updatedAt":"2018-09-04T11:51:50.000Z","_typeName":"Evaluation","id":"cjlnnlnv10j9h018072j4pi77","createdAt":"2018-09-04T11:51:50.000Z","value":2,"level":"BK"},{"updatedAt":"2018-09-04T12:57:17.000Z","_typeName":"Evaluation","id":"cjlnpxtz812d30135o7g1ddkn","createdAt":"2018-09-04T12:57:17.000Z","value":6,"level":"GK"},{"updatedAt":"2018-09-07T16:34:49.000Z","_typeName":"Evaluation","id":"cjls814qt145g01055uglw9n1","createdAt":"2018-09-07T16:34:49.000Z","value":4,"level":"GK"},{"updatedAt":"2018-09-07T16:34:55.000Z","_typeName":"Evaluation","id":"cjls819cc10f80192nyb6kn9p","createdAt":"2018-09-07T16:34:55.000Z","value":9,"level":"GK"},{"updatedAt":"2018-07-24T15:30:55.000Z","_typeName":"Post","description":"A rare look into the Graphcool office","id":"cjjzuxmjl0brf0197dp1mlb06","createdAt":"2018-07-24T15:30:55.000Z","imageUrl":"https://media2.giphy.com/media/xGWD6oKGmkp6E/200_s.gif"},{"updatedAt":"2018-07-24T16:39:34.000Z","_typeName":"Post","description":"asdf","id":"cjjzxdwgk0zkj01970bmam87m","createdAt":"2018-07-24T16:39:34.000Z","imageUrl":"https://i.imgur.com/kfjHRvR.jpg"},{"updatedAt":"2018-08-01T12:55:00.000Z","_typeName":"Post","description":"34343","id":"cjkb4vwzg14fn01853ptq8chq","createdAt":"2018-08-01T12:55:00.000Z","imageUrl":"https://i.redditmedia.com/BQe2yX8jkWeTG5Ik_mhAG3UWdlMN_9cEuE99mMuK2zk.jpg?w=1024&s=0f3a853ca504480673f4b4fe5fd0a3db"},{"name":"Reptiles","updatedAt":"2018-08-15T17:57:26.000Z","_typeName":"Project","description":"Lorem ipsum dolor sit amet, consectetur adipiscing elit, sed do eiusmod tempor incididunt ut labore et dolore magna aliqua. Ultricies mi eget mauris pharetra et ultrices neque ornare aenean. Tincidunt lobortis feugiat vivamus at augue eget arcu. Aenean et tortor at risus. Praesent elementum facilisis leo vel fringilla est ullamcorper eget. Vel risus commodo viverra maecenas accumsan lacus vel. Faucibus turpis in eu mi bibendum neque. Ipsum dolor sit amet consectetur adipiscing elit duis tristique sollicitudin. Eu sem integer vitae justo eget magna. Metus dictum at tempor commodo. Egestas diam in arcu cursus euismod quis viverra. Nisl nunc mi ipsum faucibus vitae aliquet nec ullamcorper sit. Vitae sapien pellentesque habitant morbi tristique senectus et netus. Nunc sed velit dignissim sodales ut eu sem integer vitae. Morbi tristique senectus et netus et malesuada fames ac.","selfLearn":false,"isPublished":true,"slug":"reptiles","id":"cjkrl1g040ran01987vjb97nm","createdAt":"2018-08-13T01:11:30.000Z","level":"GK"},{"name":"Mammals","updatedAt":"2018-09-02T14:16:37.000Z","_typeName":"Project","description":"Lorem ipsum dolor sit amet, consectetur adipiscing elit, sed do eiusmod tempor incididunt ut labore et dolore magna aliqua. Ultricies mi eget mauris pharetra et ultrices neque ornare aenean. Tincidunt lobortis feugiat vivamus at augue eget arcu. Aenean et tortor at risus. Praesent elementum facilisis leo vel fringilla est ullamcorper eget. Vel risus commodo viverra maecenas accumsan lacus vel. Faucibus turpis in eu mi bibendum neque. Ipsum dolor sit amet consectetur adipiscing elit duis tristique sollicitudin. Eu sem integer vitae justo eget magna. Metus dictum at tempor commodo. Egestas diam in arcu cursus euismod quis viverra. Nisl nunc mi ipsum faucibus vitae aliquet nec ullamcorper sit. Vitae sapien pellentesque habitant morbi tristique senectus et netus. Nunc sed velit dignissim sodales ut eu sem integer vitae. Morbi tristique senectus et netus et malesuada fames ac.","selfLearn":false,"isPublished":true,"slug":"mammals","id":"cjkrle0fc0tlh01496366jevz","createdAt":"2018-08-13T01:21:16.000Z","level":"GK"},{"name":"Plants","updatedAt":"2018-08-15T17:57:22.000Z","_typeName":"Project","description":"Lorem ipsum dolor sit amet, consectetur adipiscing elit, sed do eiusmod tempor incididunt ut labore et dolore magna aliqua. Ultricies mi eget mauris pharetra et ultrices neque ornare aenean. Tincidunt lobortis feugiat vivamus at augue eget arcu. Aenean et tortor at risus. Praesent elementum facilisis leo vel fringilla est ullamcorper eget. Vel risus commodo viverra maecenas accumsan lacus vel. Faucibus turpis in eu mi bibendum neque. Ipsum dolor sit amet consectetur adipiscing elit duis tristique sollicitudin. Eu sem integer vitae justo eget magna. Metus dictum at tempor commodo. Egestas diam in arcu cursus euismod quis viverra. Nisl nunc mi ipsum faucibus vitae aliquet nec ullamcorper sit. Vitae sapien pellentesque habitant morbi tristique senectus et netus. Nunc sed velit dignissim sodales ut eu sem integer vitae. Morbi tristique senectus et netus et malesuada fames ac.","selfLearn":false,"isPublished":true,"slug":"plants","id":"cjkrlicga0ta30144v2g1rdos","createdAt":"2018-08-13T01:24:39.000Z","level":"AK2"},{"name":"Endocrinology","updatedAt":"2018-08-15T17:57:20.000Z","_typeName":"Project","description":"Lorem ipsum dolor sit amet, consectetur adipiscing elit, sed do eiusmod tempor incididunt ut labore et dolore magna aliqua. Ultricies mi eget mauris pharetra et ultrices neque ornare aenean. Tincidunt lobortis feugiat vivamus at augue eget arcu. Aenean et tortor at risus. Praesent elementum facilisis leo vel fringilla est ullamcorper eget. Vel risus commodo viverra maecenas accumsan lacus vel. Faucibus turpis in eu mi bibendum neque. Ipsum dolor sit amet consectetur adipiscing elit duis tristique sollicitudin. Eu sem integer vitae justo eget magna. Metus dictum at tempor commodo. Egestas diam in arcu cursus euismod quis viverra. Nisl nunc mi ipsum faucibus vitae aliquet nec ullamcorper sit. Vitae sapien pellentesque habitant morbi tristique senectus et netus. Nunc sed velit dignissim sodales ut eu sem integer vitae. Morbi tristique senectus et netus et malesuada fames ac.","selfLearn":true,"isPublished":true,"slug":"endocrinology","id":"cjkrmra6e16360113s8nfv0m5","createdAt":"2018-08-13T01:59:35.000Z","level":"AK2"},{"name":"Pharmacology","updatedAt":"2018-08-23T07:42:00.000Z","_typeName":"Project","description":"\"Die Pharmakologie betrachtet die Wechselwirkung von Stoffen und Lebewesen zunächst wertneutral, ohne Rücksicht auf die Nützlichkeit bzw. Schädlichkeit ...\"","selfLearn":false,"isPublished":true,"slug":"pharmacology","id":"cjkrnu0ix19km0169o26o440c","createdAt":"2018-08-13T02:29:42.000Z","level":"BK"},{"name":"String Theory","updatedAt":"2018-08-15T17:57:16.000Z","_typeName":"Project","description":"Lorem ipsum dolor sit amet, consectetur adipiscing elit, sed do eiusmod tempor incididunt ut labore et dolore magna aliqua. Ultricies mi eget mauris pharetra et ultrices neque ornare aenean. Tincidunt lobortis feugiat vivamus at augue eget arcu. Aenean et tortor at risus. Praesent elementum facilisis leo vel fringilla est ullamcorper eget. Vel risus commodo viverra maecenas accumsan lacus vel. Faucibus turpis in eu mi bibendum neque. Ipsum dolor sit amet consectetur adipiscing elit duis tristique sollicitudin. Eu sem integer vitae justo eget magna. Metus dictum at tempor commodo. Egestas diam in arcu cursus euismod quis viverra. Nisl nunc mi ipsum faucibus vitae aliquet nec ullamcorper sit. Vitae sapien pellentesque habitant morbi tristique senectus et netus. Nunc sed velit dignissim sodales ut eu sem integer vitae. Morbi tristique senectus et netus et malesuada fames ac.","selfLearn":false,"isPublished":true,"slug":"string-theory","id":"cjkrnwa9r1ajx0198dpg6s2a4","createdAt":"2018-08-13T02:31:28.000Z","level":"AK2"},{"name":"Early Russian History","updatedAt":"2018-08-15T17:57:14.000Z","_typeName":"Project","description":"Lorem ipsum dolor sit amet, consectetur adipiscing elit, sed do eiusmod tempor incididunt ut labore et dolore magna aliqua. Ultricies mi eget mauris pharetra et ultrices neque ornare aenean. Tincidunt lobortis feugiat vivamus at augue eget arcu. Aenean et tortor at risus. Praesent elementum facilisis leo vel fringilla est ullamcorper eget. Vel risus commodo viverra maecenas accumsan lacus vel. Faucibus turpis in eu mi bibendum neque. Ipsum dolor sit amet consectetur adipiscing elit duis tristique sollicitudin. Eu sem integer vitae justo eget magna. Metus dictum at tempor commodo. Egestas diam in arcu cursus euismod quis viverra. Nisl nunc mi ipsum faucibus vitae aliquet nec ullamcorper sit. Vitae sapien pellentesque habitant morbi tristique senectus et netus. Nunc sed velit dignissim sodales ut eu sem integer vitae. Morbi tristique senectus et netus et malesuada fames ac.","selfLearn":false,"isPublished":true,"slug":"early-russian-history","id":"cjkrnyb881aba0155nq6calol","createdAt":"2018-08-13T02:33:03.000Z","level":"AK1"},{"name":"Marine biology","updatedAt":"2018-08-15T17:57:12.000Z","_typeName":"Project","description":"Lorem ipsum dolor sit amet, consectetur adipiscing elit, sed do eiusmod tempor incididunt ut labore et dolore magna aliqua. Ultricies mi eget mauris pharetra et ultrices neque ornare aenean. Tincidunt lobortis feugiat vivamus at augue eget arcu. Aenean et tortor at risus. Praesent elementum facilisis leo vel fringilla est ullamcorper eget. Vel risus commodo viverra maecenas accumsan lacus vel. Faucibus turpis in eu mi bibendum neque. Ipsum dolor sit amet consectetur adipiscing elit duis tristique sollicitudin. Eu sem integer vitae justo eget magna. Metus dictum at tempor commodo. Egestas diam in arcu cursus euismod quis viverra. Nisl nunc mi ipsum faucibus vitae aliquet nec ullamcorper sit. Vitae sapien pellentesque habitant morbi tristique senectus et netus. Nunc sed velit dignissim sodales ut eu sem integer vitae. Morbi tristique senectus et netus et malesuada fames ac.","selfLearn":false,"isPublished":true,"slug":"marine-biology","id":"cjkrzko4u0gsn0195wx6qd6hz","createdAt":"2018-08-13T07:58:22.000Z","level":"GK"},{"name":"General Relativity","updatedAt":"2018-08-15T17:57:10.000Z","_typeName":"Project","description":"Lorem ipsum dolor sit amet, consectetur adipiscing elit, sed do eiusmod tempor incididunt ut labore et dolore magna aliqua. Ultricies mi eget mauris pharetra et ultrices neque ornare aenean. Tincidunt lobortis feugiat vivamus at augue eget arcu. Aenean et tortor at risus. Praesent elementum facilisis leo vel fringilla est ullamcorper eget. Vel risus commodo viverra maecenas accumsan lacus vel. Faucibus turpis in eu mi bibendum neque. Ipsum dolor sit amet consectetur adipiscing elit duis tristique sollicitudin. Eu sem integer vitae justo eget magna. Metus dictum at tempor commodo. Egestas diam in arcu cursus euismod quis viverra. Nisl nunc mi ipsum faucibus vitae aliquet nec ullamcorper sit. Vitae sapien pellentesque habitant morbi tristique senectus et netus. Nunc sed velit dignissim sodales ut eu sem integer vitae. Morbi tristique senectus et netus et malesuada fames ac.","selfLearn":false,"isPublished":true,"slug":"general-relativity","id":"cjks1hxqg0tgh0141e2nam4by","createdAt":"2018-08-13T08:52:13.000Z","level":"GK"},{"name":"Mammoths","updatedAt":"2018-08-15T17:57:09.000Z","_typeName":"Project","description":"Lorem ipsum dolor sit amet, consectetur adipiscing elit, sed do eiusmod tempor incididunt ut labore et dolore magna aliqua. Ultricies mi eget mauris pharetra et ultrices neque ornare aenean. Tincidunt lobortis feugiat vivamus at augue eget arcu. Aenean et tortor at risus. Praesent elementum facilisis leo vel fringilla est ullamcorper eget. Vel risus commodo viverra maecenas accumsan lacus vel. Faucibus turpis in eu mi bibendum neque. Ipsum dolor sit amet consectetur adipiscing elit duis tristique sollicitudin. Eu sem integer vitae justo eget magna. Metus dictum at tempor commodo. Egestas diam in arcu cursus euismod quis viverra. Nisl nunc mi ipsum faucibus vitae aliquet nec ullamcorper sit. Vitae sapien pellentesque habitant morbi tristique senectus et netus. Nunc sed velit dignissim sodales ut eu sem integer vitae. Morbi tristique senectus et netus et malesuada fames ac.","selfLearn":false,"isPublished":true,"slug":"mammoths","id":"cjks1lgtb0u710144hwebwuab","createdAt":"2018-08-13T08:54:58.000Z","level":"GK"},{"name":"Continental plates","updatedAt":"2018-08-15T17:57:07.000Z","_typeName":"Project","description":"Lorem ipsum dolor sit amet, consectetur adipiscing elit, sed do eiusmod tempor incididunt ut labore et dolore magna aliqua. Ultricies mi eget mauris pharetra et ultrices neque ornare aenean. Tincidunt lobortis feugiat vivamus at augue eget arcu. Aenean et tortor at risus. Praesent elementum facilisis leo vel fringilla est ullamcorper eget. Vel risus commodo viverra maecenas accumsan lacus vel. Faucibus turpis in eu mi bibendum neque. Ipsum dolor sit amet consectetur adipiscing elit duis tristique sollicitudin. Eu sem integer vitae justo eget magna. Metus dictum at tempor commodo. Egestas diam in arcu cursus euismod quis viverra. Nisl nunc mi ipsum faucibus vitae aliquet nec ullamcorper sit. Vitae sapien pellentesque habitant morbi tristique senectus et netus. Nunc sed velit dignissim sodales ut eu sem integer vitae. Morbi tristique senectus et netus et malesuada fames ac.","selfLearn":false,"isPublished":false,"slug":"continental-plates","id":"cjks2x11i159b0124sum79tjp","createdAt":"2018-08-13T09:31:57.000Z","level":"AK1"},{"name":"Gorillas","updatedAt":"2018-08-15T19:32:47.000Z","_typeName":"Project","description":"Magna sunt esse ex deserunt Lorem excepteur elit pariatur et culpa et velit. Voluptate et sint pariatur laboris eiusmod.","selfLearn":false,"isPublished":false,"slug":"gorillas","id":"cjkvj9ehn09hn0149t5jdnpeq","createdAt":"2018-08-15T19:32:47.000Z","level":"GK"},{"name":"Atom bonds","updatedAt":"2018-08-15T19:33:10.000Z","_typeName":"Project","description":"Magna sunt esse ex deserunt Lorem excepteur elit pariatur et culpa et velit. Voluptate et sint pariatur laboris eiusmod fugiat aliquip esse minim cupidatat cillum anim fugiat occaecat ad adipisicing. Sunt voluptate dolore adipisicing deserunt cillum fugiat mollit ut quis deserunt dolore sint dolor cillum fugiat.","selfLearn":false,"isPublished":false,"slug":"atom-bonds","id":"cjkvj9whv0a1z0195ypihmve9","createdAt":"2018-08-15T19:33:10.000Z","level":"AK2"},{"name":"Nordic Countries","updatedAt":"2018-08-16T20:01:40.000Z","_typeName":"Project","description":"Magna sunt esse ex deserunt Lorem excepteur elit pariatur et culpa et velit. Voluptate et sint pariatur laboris eiusmod fugiat aliquip esse minim cupidatat cillum anim fugiat occaecat ad adipisicing. Sunt voluptate dolore adipisicing deserunt cillum fugiat mollit ut quis deserunt dolore sint dolor cillum fugiat.","selfLearn":false,"isPublished":true,"slug":"nordic-countries","id":"cjkvjae7n0a2d0124xyq636jv","createdAt":"2018-08-15T19:33:33.000Z","level":"GK"},{"name":"Trump","updatedAt":"2018-08-16T20:01:22.000Z","_typeName":"Project","description":"Lorem ipsum...","selfLearn":false,"isPublished":false,"slug":"trump","id":"cjkwzpw330jbj0198y88yv4fb","createdAt":"2018-08-16T20:01:16.000Z","level":"GK"},{"name":"Algebra","updatedAt":"2018-08-17T07:42:06.000Z","_typeName":"Project","description":"Lorem ipsum...","selfLearn":false,"isPublished":true,"slug":"algebra","id":"cjkxoqg7q0cas01696w92ddjb","createdAt":"2018-08-17T07:41:33.000Z","level":"GK"},{"name":"Siesta & Fiesta","updatedAt":"2018-08-23T08:06:59.000Z","_typeName":"Project","description":"This is fun!","selfLearn":false,"isPublished":true,"slug":"siesta-and-fiesta","id":"cjl6aaa020kld0124ujce6d73","createdAt":"2018-08-23T08:06:59.000Z","level":"GK"},{"name":"Beach & Beer","updatedAt":"2018-08-23T08:10:18.000Z","_typeName":"Project","description":"Great fun as well!","selfLearn":false,"isPublished":true,"slug":"beach-and-beer","id":"cjl6aej5v0loz0161o3d4cxu9","createdAt":"2018-08-23T08:10:18.000Z","level":"AK"},{"updatedAt":"2018-08-28T08:25:11.000Z","_typeName":"StudentLevels","id":"cjkwo3qvc1w8i016349t2i12w","createdAt":"2018-08-16T14:36:07.000Z","level":"AK"},{"updatedAt":"2018-09-02T12:56:44.000Z","_typeName":"StudentLevels","id":"cjlao0zo70xi60101jq45k92f","createdAt":"2018-08-26T09:42:45.000Z","level":"AK"},{"updatedAt":"2018-08-26T13:15:04.000Z","_typeName":"StudentLevels","id":"cjlaobet50znj0166eenp4wte","createdAt":"2018-08-26T09:50:51.000Z","level":"BK"},{"updatedAt":"2018-08-26T09:54:55.000Z","_typeName":"StudentLevels","id":"cjlaogmro10kc0166oxcog3ms","createdAt":"2018-08-26T09:54:55.000Z","level":"GK"},{"updatedAt":"2018-08-26T09:57:21.000Z","_typeName":"StudentLevels","id":"cjlaojr3c11990156ervtm5j2","createdAt":"2018-08-26T09:57:21.000Z","level":"GK"},{"updatedAt":"2018-08-26T09:59:33.000Z","_typeName":"StudentLevels","id":"cjlaomldm11t90183tvbm4wgy","createdAt":"2018-08-26T09:59:33.000Z","level":"GK"},{"updatedAt":"2018-08-26T10:01:32.000Z","_typeName":"StudentLevels","id":"cjlaop58q129m0115m086ouan","createdAt":"2018-08-26T10:01:32.000Z","level":"GK"},{"updatedAt":"2018-08-26T10:02:16.000Z","_typeName":"StudentLevels","id":"cjlaoq2wc12030143fpj6cn0a","createdAt":"2018-08-26T10:02:16.000Z","level":"GK"},{"updatedAt":"2018-08-26T10:18:29.000Z","_typeName":"StudentLevels","id":"cjlaorcbm120q01461mhn71sr","createdAt":"2018-08-26T10:03:15.000Z","level":"AK"},{"updatedAt":"2018-08-26T10:04:00.000Z","_typeName":"StudentLevels","id":"cjlaosbpz12pp0166ltznx470","createdAt":"2018-08-26T10:04:00.000Z","level":"GK"},{"updatedAt":"2018-08-26T10:06:41.000Z","_typeName":"StudentLevels","id":"cjlaovrst12rc0143tgd7kwrb","createdAt":"2018-08-26T10:06:41.000Z","level":"GK"},{"updatedAt":"2018-08-26T10:07:37.000Z","_typeName":"StudentLevels","id":"cjlaowz4b12xf0169ikyq84jt","createdAt":"2018-08-26T10:07:37.000Z","level":"GK"},{"updatedAt":"2018-08-26T10:09:07.000Z","_typeName":"StudentLevels","id":"cjlaoywgd13n801833xg7v1m5","createdAt":"2018-08-26T10:09:07.000Z","level":"GK"},{"updatedAt":"2018-08-26T10:09:44.000Z","_typeName":"StudentLevels","id":"cjlaozojh133v013143mp0ay3","createdAt":"2018-08-26T10:09:44.000Z","level":"GK"},{"updatedAt":"2018-08-26T10:10:17.000Z","_typeName":"StudentLevels","id":"cjlap0ecj138e0131engjr0sn","createdAt":"2018-08-26T10:10:17.000Z","level":"GK"},{"updatedAt":"2018-08-26T10:10:31.000Z","_typeName":"StudentLevels","id":"cjlap0p6a13d70143fpiak1wm","createdAt":"2018-08-26T10:10:31.000Z","level":"GK"},{"updatedAt":"2018-08-26T10:12:33.000Z","_typeName":"StudentLevels","id":"cjlap3awq14980115mq0730gu","createdAt":"2018-08-26T10:12:33.000Z","level":"GK"},{"updatedAt":"2018-08-26T10:13:07.000Z","_typeName":"StudentLevels","id":"cjlap3uap140f0101w8ky1ozf","createdAt":"2018-08-26T10:12:58.000Z","level":"AK1"},{"updatedAt":"2018-08-26T10:18:35.000Z","_typeName":"StudentLevels","id":"cjlapb11h151u0143rksihdyo","createdAt":"2018-08-26T10:18:33.000Z","level":"AK"},{"updatedAt":"2018-08-26T07:37:57.000Z","_typeName":"StudentNote","text":"Falls asleep in class all the time","id":"cjkwvh6pn1osa0123qu0mkpvf","createdAt":"2018-08-16T18:02:32.000Z"},{"updatedAt":"2018-08-23T07:36:39.000Z","_typeName":"StudentNote","text":"Is quite good","id":"cjkwxu1ml03c50147fvoxo37k","createdAt":"2018-08-16T19:08:31.000Z"},{"updatedAt":"2018-08-23T07:36:52.000Z","_typeName":"StudentNote","text":"eats pancakes","id":"cjkwxx91o04430116s706hjca","createdAt":"2018-08-16T19:11:00.000Z"},{"updatedAt":"2018-08-26T07:42:23.000Z","_typeName":"StudentNote","text":"Plays with their phone in class","id":"cjlajq6wh093a01154hcuiifq","createdAt":"2018-08-26T07:42:23.000Z"},{"name":"Biologie","updatedAt":"2018-08-23T11:27:08.000Z","_typeName":"Subject","description":"Hier geht es um alles, was lebendig ist. Wo kommt das Leben her? Was kennzeichnet das Leben? Wie leben Pflanzen, Tiere und Menschen und die kleinsten Mikroorganismen? Wie hängt alles miteinander zusammen? Und wie sieht es im Inneren und im Kleinen aus? In Biologie kannst du experimentieren, mikroskopieren und so manche Schönheiten und Wunder des Lebens entdecken.","isPublished":true,"slug":"bio","id":"cjkmdrcqs5olr0166089mieom","createdAt":"2018-08-09T09:48:51.000Z"},{"name":"Chemie","updatedAt":"2018-08-23T10:26:18.000Z","_typeName":"Subject","description":"Die Chemie ist eine Naturwissenschaft, die sich mit vielen Materialien aus dem Leben beschäftigt. Sie wird manchmal definiert als \"die Lehre von den Stoffen, deren Eigenschaften, Aufbau und Veränderungen.\" Die Chemie versucht also herauszufinden, woraus die Sachen bestehen und wie Menschen Stoffe verändern oder sogar neu erfinden können.","isPublished":true,"slug":"chemie","id":"cjkmdsaun5unh015048iuze1w","createdAt":"2018-08-09T09:49:35.000Z"},{"name":"Physik","updatedAt":"2018-08-23T11:26:55.000Z","_typeName":"Subject","description":"Die Physik beschäftigt sich mit alltäglichen Erscheinungen in unserer Umwelt und ermöglicht die Erklärung und Voraussage vieler Phänomene in der Natur. Zu Fragen wie: Wie entsteht ein Regenbogen? Woher kommen Wärme und Licht des Feuers? Warum schwimmt überhaupt ein viele Tonnen schwerer Eisberg? Wie kommt das Echo zustande?... versucht die Physik eine Erklärung zu geben und Gesetze zu formulieren.","isPublished":true,"slug":"phys","id":"cjkmdsf6r6xri01983l4hbe66","createdAt":"2018-08-09T09:49:41.000Z"},{"name":"Mathe","updatedAt":"2018-09-02T14:33:02.000Z","_typeName":"Subject","description":"Im Alltag müssen wir immer Dinge zählen, messen, vergleichen und berechnen. In diesem Fach übst du den Umgang mit Zahlen, das Rechnen mit Größen wie Geld, Zeit, Daten aus Umfragen und räumliche Beziehungen. Mathematik ist überall. Ausserdem ist Mathematik Grundlage von Wissensbereichen wie Wirtschaft, Technik, Informatik, Naturwissenschaft. Daher werden in dem Fach auch Strukturen und Muster erarbeitet, die über den unmittelbaren alltäglichen Gebrauch hinaus gehen, aber im wissenschaftlichen Zusammenhang unerlässlich sind.","isPublished":true,"slug":"mathe","id":"cjkmdsj2082fv01614kgy6zrp","createdAt":"2018-08-09T09:49:46.000Z"},{"name":"Politische Weltkunde","updatedAt":"2018-09-02T14:35:19.000Z","_typeName":"Subject","description":"Lorem ipsum dolor sit amet, consectetur adipiscing elit, sed do eiusmod tempor incididunt ut labore et dolore magna aliqua. Ultricies mi eget mauris pharetra et ultrices neque ornare aenean. Tincidunt lobortis feugiat vivamus at augue eget arcu. Aenean et tortor at risus. Praesent elementum facilisis leo vel fringilla est ullamcorper eget. Vel risus commodo viverra maecenas accumsan lacus vel. Faucibus turpis in eu mi bibendum neque. Ipsum dolor sit amet consectetur adipiscing elit duis tristique sollicitudin. Eu sem integer vitae justo eget magna. Metus dictum at tempor commodo. Egestas diam in arcu cursus euismod quis viverra. Nisl nunc mi ipsum faucibus vitae aliquet nec ullamcorper sit. Vitae sapien pellentesque habitant morbi tristique senectus et netus. Nunc sed velit dignissim sodales ut eu sem integer vitae. Morbi tristique senectus et netus et malesuada fames ac.","isPublished":true,"slug":"politische-weltkunde","id":"cjkmdwhm573ku0105sptupr3o","createdAt":"2018-08-09T09:52:51.000Z"},{"name":"Informatik","updatedAt":"2018-09-02T14:32:17.000Z","_typeName":"Subject","description":"Lorem ipsum dolor sit amet, consectetur adipiscing elit, sed do eiusmod tempor incididunt ut labore et dolore magna aliqua. Ultricies mi eget mauris pharetra et ultrices neque ornare aenean. Tincidunt lobortis feugiat vivamus at augue eget arcu. Aenean et tortor at risus. Praesent elementum facilisis leo vel fringilla est ullamcorper eget. Vel risus commodo viverra maecenas accumsan lacus vel. Faucibus turpis in eu mi bibendum neque. Ipsum dolor sit amet consectetur adipiscing elit duis tristique sollicitudin. Eu sem integer vitae justo eget magna. Metus dictum at tempor commodo. Egestas diam in arcu cursus euismod quis viverra. Nisl nunc mi ipsum faucibus vitae aliquet nec ullamcorper sit. Vitae sapien pellentesque habitant morbi tristique senectus et netus. Nunc sed velit dignissim sodales ut eu sem integer vitae. Morbi tristique senectus et netus et malesuada fames ac.","isPublished":true,"slug":"informatik","id":"cjkme5khx8iic0161lstgy3zy","createdAt":"2018-08-09T09:59:54.000Z"},{"name":"Ethik","updatedAt":"2018-08-23T12:58:38.000Z","_typeName":"Subject","description":"Ethik bla bla bla...","isPublished":true,"slug":"welterkundung","id":"cjkme5szc7nwb01987kdlntn3","createdAt":"2018-08-09T10:00:05.000Z"},{"name":"Geografie","updatedAt":"2018-08-15T18:05:58.000Z","_typeName":"Subject","description":"Lorem ipsum dolor sit amet, consectetur adipiscing elit, sed do eiusmod tempor incididunt ut labore et dolore magna aliqua. Ultricies mi eget mauris pharetra et ultrices neque ornare aenean. Tincidunt lobortis feugiat vivamus at augue eget arcu. Aenean et tortor at risus. Praesent elementum facilisis leo vel fringilla est ullamcorper eget. Vel risus commodo viverra maecenas accumsan lacus vel. Faucibus turpis in eu mi bibendum neque. Ipsum dolor sit amet consectetur adipiscing elit duis tristique sollicitudin. Eu sem integer vitae justo eget magna. Metus dictum at tempor commodo. Egestas diam in arcu cursus euismod quis viverra. Nisl nunc mi ipsum faucibus vitae aliquet nec ullamcorper sit. Vitae sapien pellentesque habitant morbi tristique senectus et netus. Nunc sed velit dignissim sodales ut eu sem integer vitae. Morbi tristique senectus et netus et malesuada fames ac.","isPublished":true,"slug":"geografie","id":"cjkme5yk971xq0101mu49zofi","createdAt":"2018-08-09T10:00:13.000Z"},{"name":"Deutsch","updatedAt":"2018-08-30T07:54:41.000Z","_typeName":"Subject","description":"In Deutsch hast du die Möglichkeit deine Lese- und Schreibkompetenz zu steigern, dir grammatisches Fachwissen zu erarbeiten und dich mit den literarischen Stilblüten der Vergangenheit und der Neuzeit (Gedichte, Romane, Kurzgeschichten, Theaterstücke etc.) auseinander zu setzen. Du kannst sowohl Sachtexte verfassen lernen als auch dein kreatives Schreibpotential vertiefen. „Die Grenzen meiner Sprache sind die Grenzen meiner Welt“, hatte der Sprachforscher Wittgenstein gesagt, jedoch innerhalb dieser Grenzen ist das Entdeckungspotential unendlich.","isPublished":true,"slug":"deutsch","id":"cjkme66md7tpz0190k6npzfvp","createdAt":"2018-08-09T10:00:23.000Z"},{"name":"Englisch","updatedAt":"2018-08-15T18:03:17.000Z","_typeName":"Subject","description":"Lorem ipsum dolor sit amet, consectetur adipiscing elit, sed do eiusmod tempor incididunt ut labore et dolore magna aliqua. Ultricies mi eget mauris pharetra et ultrices neque ornare aenean. Tincidunt lobortis feugiat vivamus at augue eget arcu. Aenean et tortor at risus. Praesent elementum facilisis leo vel fringilla est ullamcorper eget. Vel risus commodo viverra maecenas accumsan lacus vel. Faucibus turpis in eu mi bibendum neque. Ipsum dolor sit amet consectetur adipiscing elit duis tristique sollicitudin. Eu sem integer vitae justo eget magna. Metus dictum at tempor commodo. Egestas diam in arcu cursus euismod quis viverra. Nisl nunc mi ipsum faucibus vitae aliquet nec ullamcorper sit. Vitae sapien pellentesque habitant morbi tristique senectus et netus. Nunc sed velit dignissim sodales ut eu sem integer vitae. Morbi tristique senectus et netus et malesuada fames ac.","isPublished":true,"slug":"englisch","id":"cjkme6xs87fpn0126lt6hn2ix","createdAt":"2018-08-09T10:00:58.000Z"},{"name":"Französisch","updatedAt":"2018-08-23T10:30:31.000Z","_typeName":"Subject","description":"In Französisch kannst du dir im Laufe der Jahre immer mehr Wortfelder (Zahlen, Farben, Familie, Tiere, Schule, Freizeit etc.) erschließen sowie dir die Struktur der zweiten Fremdsprache (Zeitformen, Satzbau etc:) erarbeiten. Du wirst viel sprechen können, hören lernen, lesen und schreiben üben und dadurch einfache bis komplexere Alltagssituationen verstehen und händeln lernen. *  *Gib der 2. Fremdsprache die Chance, dass sie dir allmählich vertrauter werden kann. Sie ist weniger präsent in deinem Alltag als das Englische und bedarf von daher deiner Geduld und Übung. Wenn du hier vier Jahre lang eine 2. Fremdsprache belegst, musst du in der Oberstufe für das Abitur keine weitere Fremdsprache neben dem Englischen bestreiten.","isPublished":true,"slug":"franzoesisch","id":"cjkme78q468p20150j9pryj54","createdAt":"2018-08-09T10:01:12.000Z"},{"name":"Spanisch","updatedAt":"2018-08-23T10:30:45.000Z","_typeName":"Subject","description":"In Spanisch kannst du dir im Laufe der Jahre immer mehr Wortfelder (Zahlen, Farben, Familie, Tiere, Schule, Freizeit etc.) erschließen sowie dir die Struktur der zweiten Fremdsprache (Zeitformen, Satzbau etc:) erarbeiten. Du wirst viel sprechen können, hören lernen, lesen und schreiben üben und dadurch einfache bis komplexere Alltagssituationen verstehen und händeln lernen. *  *Gib der 2. Fremdsprache die Chance, dass sie dir allmählich vertrauter werden kann. Sie ist weniger präsent in deinem Alltag als das Englische und bedarf von daher deiner Geduld und Übung. Wenn du hier vier Jahre lang eine 2. Fremdsprache belegst, musst du in der Oberstufe für das Abitur keine weitere Fremdsprache neben dem Englischen bestreiten.","isPublished":true,"slug":"spanisch","id":"cjkme7eyw7q990151xwbz2x6s","createdAt":"2018-08-09T10:01:21.000Z"},{"name":"Musik","updatedAt":"2018-08-15T18:05:27.000Z","_typeName":"Subject","description":"Lorem ipsum dolor sit amet, consectetur adipiscing elit, sed do eiusmod tempor incididunt ut labore et dolore magna aliqua. Ultricies mi eget mauris pharetra et ultrices neque ornare aenean. Tincidunt lobortis feugiat vivamus at augue eget arcu. Aenean et tortor at risus. Praesent elementum facilisis leo vel fringilla est ullamcorper eget. Vel risus commodo viverra maecenas accumsan lacus vel. Faucibus turpis in eu mi bibendum neque. Ipsum dolor sit amet consectetur adipiscing elit duis tristique sollicitudin. Eu sem integer vitae justo eget magna. Metus dictum at tempor commodo. Egestas diam in arcu cursus euismod quis viverra. Nisl nunc mi ipsum faucibus vitae aliquet nec ullamcorper sit. Vitae sapien pellentesque habitant morbi tristique senectus et netus. Nunc sed velit dignissim sodales ut eu sem integer vitae. Morbi tristique senectus et netus et malesuada fames ac.","isPublished":true,"slug":"musik","id":"cjkrw5bfe101w019587i72ie9","createdAt":"2018-08-13T06:22:27.000Z"},{"name":"Kunst","updatedAt":"2018-08-15T18:05:15.000Z","_typeName":"Subject","description":"Lorem ipsum dolor sit amet, consectetur adipiscing elit, sed do eiusmod tempor incididunt ut labore et dolore magna aliqua. Ultricies mi eget mauris pharetra et ultrices neque ornare aenean. Tincidunt lobortis feugiat vivamus at augue eget arcu. Aenean et tortor at risus. Praesent elementum facilisis leo vel fringilla est ullamcorper eget. Vel risus commodo viverra maecenas accumsan lacus vel. Faucibus turpis in eu mi bibendum neque. Ipsum dolor sit amet consectetur adipiscing elit duis tristique sollicitudin. Eu sem integer vitae justo eget magna. Metus dictum at tempor commodo. Egestas diam in arcu cursus euismod quis viverra. Nisl nunc mi ipsum faucibus vitae aliquet nec ullamcorper sit. Vitae sapien pellentesque habitant morbi tristique senectus et netus. Nunc sed velit dignissim sodales ut eu sem integer vitae. Morbi tristique senectus et netus et malesuada fames ac.","isPublished":true,"slug":"kunst","id":"cjkrw5i9a1c230108cqu1gugi","createdAt":"2018-08-13T06:22:35.000Z"},{"name":"Sport","updatedAt":"2018-08-23T07:37:16.000Z","_typeName":"Subject","description":"Lorem ipsum dolor sit amet, consectetur adipiscing elit, sed do eiusmod tempor incididunt ut labore et dolore magna aliqua. Ultricies mi eget mauris pharetra et ultrices neque ornare aenean. Tincidunt lobortis feugiat vivamus at augue eget arcu. Aenean et tortor at risus. Praesent elementum facilisis leo vel fringilla est ullamcorper eget. Vel risus commodo viverra maecenas accumsan lacus vel. Faucibus turpis in eu mi bibendum neque. Ipsum dolor sit amet consectetur adipiscing elit duis tristique sollicitudin. Eu sem integer vitae justo eget magna. Metus dictum at tempor commodo. Egestas diam in arcu cursus euismod quis viverra. Nisl nunc mi ipsum faucibus vitae aliquet nec ullamcorper sit. Vitae sapien pellentesque habitant morbi tristique senectus et netus. Nunc sed velit dignissim sodales ut eu sem integer vitae. Morbi tristique senectus et netus et malesuada fames ac.","isPublished":true,"slug":"sport","id":"cjkrw656p1c230169204ixn70","createdAt":"2018-08-13T06:23:05.000Z"},{"name":"Theater","updatedAt":"2018-09-02T14:41:19.000Z","_typeName":"Subject","description":"Lorem ipsum...","isPublished":true,"slug":"theater","id":"cjlkyrwfb329u0129aqj30yof","createdAt":"2018-09-02T14:41:19.000Z"},{"name":"WAT","updatedAt":"2018-09-02T14:41:46.000Z","_typeName":"Subject","description":"Lorem ipsum...","isPublished":true,"slug":"wat","id":"cjlkyshhc31xh0155y2wvgk9l","createdAt":"2018-09-02T14:41:46.000Z"},{"_typeName":"TutorLevels","id":"cjkr0dfz708pq0149ld2l5o5y","createdAt":"2018-08-12T15:32:58.000Z","updatedAt":"2018-08-27T12:30:20.000Z"},{"_typeName":"TutorLevels","id":"cjkr0jdq3098c0126vvxse0rz","createdAt":"2018-08-12T15:37:35.000Z","updatedAt":"2018-08-12T15:37:50.000Z"},{"_typeName":"TutorLevels","id":"cjkr0kj1009bv0126vhid46ze","createdAt":"2018-08-12T15:38:29.000Z","updatedAt":"2018-08-12T15:38:33.000Z"},{"_typeName":"TutorLevels","id":"cjkr0koat09dh0180k8244ixj","createdAt":"2018-08-12T15:38:35.000Z","updatedAt":"2018-08-12T15:38:37.000Z"},{"_typeName":"TutorLevels","id":"cjkr1dcfr0efj0163qiybry6v","createdAt":"2018-08-12T16:00:53.000Z","updatedAt":"2018-08-12T17:45:20.000Z"},{"_typeName":"TutorLevels","id":"cjkr53lra13g00118aak76cl8","createdAt":"2018-08-12T17:45:17.000Z","updatedAt":"2018-08-13T09:28:47.000Z"},{"_typeName":"TutorLevels","id":"cjkr53w78131c0163mtg52d8j","createdAt":"2018-08-12T17:45:31.000Z","updatedAt":"2018-08-12T17:45:31.000Z"},{"_typeName":"TutorLevels","id":"cjkr5bbnk14ak0117m0rl0vsr","createdAt":"2018-08-12T17:51:17.000Z","updatedAt":"2018-08-12T17:51:17.000Z"},{"_typeName":"TutorLevels","id":"cjkrmqe3211q701290emgcmjv","createdAt":"2018-08-13T01:58:54.000Z","updatedAt":"2018-08-13T01:58:54.000Z"},{"_typeName":"TutorLevels","id":"cjkrmqekz127j016581mi2pv4","createdAt":"2018-08-13T01:58:54.000Z","updatedAt":"2018-08-13T01:58:54.000Z"},{"_typeName":"TutorLevels","id":"cjkrnx49q19u60101fegq4lhq","createdAt":"2018-08-13T02:32:07.000Z","updatedAt":"2018-08-23T08:00:29.000Z"},{"_typeName":"TutorLevels","id":"cjkxoc6rf09nf0100h22rpncq","createdAt":"2018-08-17T07:30:27.000Z","updatedAt":"2018-08-17T07:30:27.000Z"},{"updatedAt":"2018-09-07T09:59:52.000Z","avatar":10,"_typeName":"User","email":"test@alternativschule-berlin.de","username":"testadmin","avatarColor":"pastelgreen","firstname":"Admin","surname":"Test","id":"cjklk5w0t28dj0197oz7ghoh7","createdAt":"2018-08-08T20:00:21.000Z","userType":"Admin","password":"$2a$10$mYdX3RYM2B2gRDHCp/1VOOAnJ1ducNmlmSsFM4FyVhayzV..6e5S2"},{"updatedAt":"2018-09-09T13:44:00.000Z","avatar":10,"_typeName":"User","email":"student@alternativschule-berlin.de","username":"teststudent","avatarColor":"darkgreen","firstname":"Test","surname":"Student","id":"cjklk82mg1xet0140f2s4aixe","createdAt":"2018-08-08T20:02:03.000Z","userType":"Admin","password":"$2a$10$4vh5M0CJ86Ez/jHZG01ciORBTnTw3er6dA8Vhp5jkQ92eeYlpLiKO"},{"updatedAt":"2018-09-07T09:59:52.000Z","avatar":1,"_typeName":"User","email":"tmatsiridis@heldisch.com","username":"theo","avatarColor":"blue","firstname":"Theo","surname":"HELDISCH","id":"cjklkbkqn2vsr01843fpwacxl","createdAt":"2018-08-08T20:04:46.000Z","userType":"Admin","password":"$2a$10$Khhrz8BXw6dv/z7vvNx.4uWVDhbzX.t8EZaU0ratysLShnyaO53fa"},{"updatedAt":"2018-09-07T09:59:52.000Z","avatar":1,"_typeName":"User","email":"1@t.com","username":"teacher1","avatarColor":"blue","firstname":"Teacher","surname":"One","id":"cjklkc38y1twt01573xeh20ec","createdAt":"2018-08-08T20:05:10.000Z","userType":"Lehrer","password":"$2a$10$OxRtHYgA242kTyxx1KlEoOk08qwFGZ4xQ3IHIelAJiNsiO4Hp0Y5O"},{"updatedAt":"2018-09-07T09:59:52.000Z","avatar":1,"_typeName":"User","email":"2@t.com","username":"teacher2","avatarColor":"blue","firstname":"Vertrauensschüler","surname":"Two","id":"cjklkcfw82ilp015940zzaaw1","createdAt":"2018-08-08T20:05:27.000Z","userType":"Lehrer","password":"$2a$10$IASv9oZ4LoK9OQ9QsNU45.Z2FtygexnTGdRpdCEDMC9zUxR2hm7mG"},{"updatedAt":"2018-09-07T09:59:52.000Z","avatar":1,"_typeName":"User","email":"1@s2.com","username":"student1","avatarColor":"blue","firstname":"Student","surname":"One","id":"cjklkcs9p2hwj01568y23rp27","createdAt":"2018-08-08T20:05:43.000Z","userType":"Schueler","password":"$2a$10$JnmqSs4LIXOPl.tN9A3uOeckROYcRViVdNG.Uw0wKlSo9tJmW4Kgi"},{"updatedAt":"2018-09-07T09:59:52.000Z","avatar":1,"_typeName":"User","email":"4@s.com","username":"student4","avatarColor":"blue","firstname":"Student","surname":"Four","id":"cjkln9s5i6mpo0100zte2q6xr","createdAt":"2018-08-08T21:27:21.000Z","userType":"Schueler","password":"$2a$10$96d8yTsH6SWEdycbQXOWlehPcTZ19JeOeWwgpNoC4QHUPfc.kgChu"},{"updatedAt":"2018-09-07T09:59:52.000Z","avatar":1,"_typeName":"User","email":"olle@olle.com","username":"olle2","avatarColor":"blue","firstname":"Olle 2","surname":"Holmberg 2","id":"cjkqz7kdz00wi01265oz4fjyq","createdAt":"2018-08-12T15:00:24.000Z","userType":"Lehrer","password":"$2a$10$199nSnjIX.Unl0G0SFkBUeDF69Ghb49lyDoBFvOCWIwk5EI1Giwo."},{"updatedAt":"2018-09-07T09:59:52.000Z","avatar":1,"_typeName":"User","email":"amar@alternativschule-berlin.de","username":"amar","avatarColor":"blue","firstname":"Amar","surname":"?","id":"cjkwrl0qa0pab0189uwphuwgz","createdAt":"2018-08-16T16:13:32.000Z","userType":"Admin","password":"$2a$10$.UbylbHMC3gN.wIpAMC1JuNwvdskbApZle9vW1t4zKTapd5RTN.OC"},{"updatedAt":"2018-09-07T09:59:52.000Z","avatar":1,"_typeName":"User","email":"norman@alternativschule-berlin.de","username":"charly","avatarColor":"blue","firstname":"Charly","surname":"?","id":"cjkwrlmww0py20165h2gjw7yq","createdAt":"2018-08-16T16:14:01.000Z","userType":"Admin","password":"$2a$10$sBGi3/oHaaOKR9Rh394G7.vKSczKTQa0CJtNNcQDIUI28SDdQVBHK"},{"updatedAt":"2018-09-07T09:59:52.000Z","avatar":1,"_typeName":"User","email":"lpietruschka@heldisch.com","username":"lukas","avatarColor":"blue","firstname":"Lukas","surname":"HELDISCH","id":"cjkwrnuoy0qj90161o7cbv345","createdAt":"2018-08-16T16:15:44.000Z","userType":"Admin","password":"$2a$10$5Qzpw0OY1s2iVYSnh7/tz.zqcDxzUS5pdp20gcyv3P4jX0UYGIxZq"},{"updatedAt":"2018-09-07T09:59:52.000Z","avatar":1,"_typeName":"User","email":"o@o.com","username":"oh","avatarColor":"blue","firstname":"O","surname":"H","id":"cjkwzvq0w0kuo01192piqyiyv","createdAt":"2018-08-16T20:05:48.000Z","userType":"Admin","password":"$2a$10$0AVnInw2rWRO4pOiBJv0T.RB4BsX7LBAOi6gk1dGKU5lHuwxFrWw2"},{"updatedAt":"2018-09-07T09:59:52.000Z","avatar":1,"_typeName":"User","email":"olleholmberg@gmail.com","username":"nils","avatarColor":"blue","firstname":"Nils","surname":"Holmberg","id":"cjkx04nr70mt80176s5g5a1v8","createdAt":"2018-08-16T20:12:45.000Z","userType":"Admin","password":"$2a$10$Uqby1kGVH0khcMERoDFrtelcr3YrNgMkfvC8bQfOtDmsMijTae9yi"},{"updatedAt":"2018-09-07T09:59:52.000Z","avatar":1,"_typeName":"User","email":"s5@s.com","username":"student5","avatarColor":"blue","firstname":"Student","surname":"Five","id":"cjkxooqhr0bfh0190f0g7pq04","createdAt":"2018-08-17T07:40:13.000Z","userType":"Schueler","password":"$2a$10$uzR8x6fFTqyY/HNdtFOFquASk1oOz9wkZPP5gFgx0opzIJKu2e8m."},{"updatedAt":"2018-09-07T09:59:52.000Z","avatar":1,"_typeName":"User","email":"tester@1.de","username":"tester","avatarColor":"blue","firstname":"tester","surname":"tester","id":"cjl68wwh1094w0165jer964h4","createdAt":"2018-08-23T07:28:35.000Z","userType":"Lehrer","password":"$2a$10$0YtQC2/gc4HaUCdgRCSZuOu0FNt5gmQkrQ.WV7Ct21wFPH61Xt9T."},{"updatedAt":"2018-09-07T09:59:52.000Z","avatar":2,"_typeName":"User","email":"amar@schueler.de","username":"Amar-Schueler","avatarColor":"yellow","firstname":"Amar","surname":"Schueler","id":"cjl69s0wr0ft00143p9wj1z6e","createdAt":"2018-08-23T07:52:48.000Z","userType":"Schueler","password":"$2a$10$Yz1bpZCBNpu/bpqOhK468uvw/Ufpcl3aaKJhQ/o5yBM3xeti/kDVm"},{"updatedAt":"2018-09-07T09:59:52.000Z","avatar":1,"_typeName":"User","email":"Heinrich@heinrich.com","username":"Heinrich","avatarColor":"blue","firstname":"Heinrich","surname":"Heinrich","id":"cjl6aseys0oyq0117kn410k73","createdAt":"2018-08-23T08:21:05.000Z","userType":"Lehrer","password":"$2a$10$BUpJnsoQxBW8uAHIP/QzWulou7LHrw7p.aGCP1HJa.B15Py74m17W"},{"updatedAt":"2018-09-07T09:59:52.000Z","avatar":1,"_typeName":"User","email":"eier@eier.de","username":"Eier","avatarColor":"blue","firstname":"Eier","surname":"Mann","id":"cjlcc6v601bil0195pqethsnr","createdAt":"2018-08-27T13:46:56.000Z","userType":"Schueler","password":"$2a$10$OgVxRud0WKVGGBpXHVZEh.vkHHDzZlSNn4l1udTub7mRErE.8k4bq"},{"updatedAt":"2018-09-07T09:59:52.000Z","avatar":1,"_typeName":"User","email":"new@new.com","username":"new","avatarColor":"blue","firstname":"new","surname":"new","id":"cjlf3zjho0ovf0107d5fajt4z","createdAt":"2018-08-29T12:20:36.000Z","userType":"Schueler","password":"$2a$10$lUW/nDx7RLhe9hD023HqOOhavHJwd45KQ/CUiCdNEbGX/2Ilyl1PC"}]}